-- phpMyAdmin SQL Dump
-- version 4.5.5.1
-- http://www.phpmyadmin.net
--
-- Host: localhost
-- Generation Time: Aug 20, 2016 at 11:57 PM
-- Server version: 5.5.46-0ubuntu0.14.04.2
-- PHP Version: 5.6.14-1+deb.sury.org~trusty+1

SET SQL_MODE = "NO_AUTO_VALUE_ON_ZERO";
SET time_zone = "+00:00";


/*!40101 SET @OLD_CHARACTER_SET_CLIENT=@@CHARACTER_SET_CLIENT */;
/*!40101 SET @OLD_CHARACTER_SET_RESULTS=@@CHARACTER_SET_RESULTS */;
/*!40101 SET @OLD_COLLATION_CONNECTION=@@COLLATION_CONNECTION */;
/*!40101 SET NAMES utf8mb4 */;

--
-- Database: `verellen`
--

-- --------------------------------------------------------

--
-- Table structure for table `bitauth_groups`
--

CREATE TABLE `bitauth_groups` (
  `group_id` int(10) UNSIGNED NOT NULL,
  `name` varchar(48) CHARACTER SET latin1 NOT NULL,
  `description` text CHARACTER SET latin1 NOT NULL,
  `roles` text CHARACTER SET latin1 NOT NULL
) ENGINE=MyISAM DEFAULT CHARSET=utf8;

--
-- Dumping data for table `bitauth_groups`
--

INSERT INTO `bitauth_groups` (`group_id`, `name`, `description`, `roles`) VALUES
(1, 'Administrador', 'Administadores con accesso completo a todo el sitio', '1'),
(2, 'Manager', '', '0'),
(3, 'Jugador', '', '');

-- --------------------------------------------------------

--
-- Table structure for table `bitauth_logins`
--

CREATE TABLE `bitauth_logins` (
  `login_id` int(10) UNSIGNED NOT NULL,
  `ip_address` bigint(20) NOT NULL,
  `user_id` int(10) UNSIGNED NOT NULL,
  `time` datetime NOT NULL,
  `success` tinyint(1) NOT NULL DEFAULT '0'
) ENGINE=MyISAM DEFAULT CHARSET=utf8;

--
-- Dumping data for table `bitauth_logins`
--

INSERT INTO `bitauth_logins` (`login_id`, `ip_address`, `user_id`, `time`, `success`) VALUES
(1, 3232235881, 3, '2014-09-09 17:02:08', 1),
(2, 3232235881, 3, '2014-09-10 16:34:09', 1),
(3, 3232235881, 3, '2014-09-11 10:46:51', 1),
(4, 3232243969, 3, '2015-06-19 19:39:35', 1),
(5, 3232243969, 3, '2015-07-06 16:50:54', 1),
(6, 3232243969, 3, '2015-07-06 22:35:01', 1),
(7, 3232243969, 3, '2015-07-07 20:31:36', 1),
(8, 3232243969, 3, '2015-07-07 23:51:21', 1),
(9, 3232243969, 3, '2015-07-08 16:15:29', 1),
(10, 3232243969, 3, '2015-07-08 21:17:10', 1),
(11, 3232243969, 3, '2015-07-09 18:03:03', 1),
(12, 3232243969, 3, '2015-07-10 13:20:47', 1),
(13, 3232243969, 3, '2015-07-12 18:12:12', 1),
(14, 3047673263, 0, '2015-07-13 15:02:57', 0),
(15, 3047673263, 0, '2015-07-13 15:03:05', 0),
(16, 3047673263, 3, '2015-07-13 15:03:15', 0),
(17, 3047673263, 3, '2015-07-13 15:03:48', 1),
(18, 3047673263, 3, '2015-07-13 15:05:37', 1),
(19, 3232243969, 0, '2015-07-16 13:18:09', 0),
(20, 3232243969, 3, '2015-07-16 13:18:20', 1),
(21, 3232243969, 0, '2015-07-21 00:20:07', 0),
(22, 3232243969, 0, '2015-07-21 00:20:28', 0),
(23, 3232243969, 3, '2015-07-21 00:20:36', 0),
(24, 3232243969, 3, '2015-07-21 00:20:43', 0),
(25, 3232243969, 3, '2015-07-21 00:20:53', 1),
(26, 3232243969, 3, '2015-07-21 17:15:38', 1),
(27, 3232243969, 3, '2015-07-22 03:30:09', 1),
(28, 3232243969, 3, '2015-07-24 00:15:53', 1),
(29, 3232243969, 3, '2015-07-27 16:09:56', 1),
(30, 3232243969, 3, '2015-07-28 15:32:28', 1),
(31, 3232243969, 3, '2015-07-28 22:42:41', 1),
(32, 3232243969, 3, '2015-07-29 15:16:36', 1),
(33, 3232243969, 3, '2015-07-30 00:28:58', 1),
(34, -1094830070, 3, '2015-07-30 15:54:01', 1),
(35, -1094830070, 3, '2015-08-04 12:57:34', 1),
(36, 3232243969, 3, '2015-08-04 16:24:47', 1),
(37, 3232243969, 3, '2015-11-06 03:46:22', 1),
(38, 3232243969, 3, '2015-11-10 19:21:33', 1),
(39, 3232243969, 3, '2015-11-11 17:36:17', 1),
(40, -1094824140, 3, '2015-11-14 15:59:37', 0),
(41, -1094824140, 3, '2015-11-14 15:59:45', 1),
(42, -1094824140, 3, '2015-11-14 16:00:14', 1),
(43, -1094824140, 3, '2015-11-16 14:40:57', 1),
(44, -906243321, 3, '2015-11-18 09:29:04', 1),
(45, -1170713852, 3, '2015-11-20 00:38:22', 1),
(46, -1250621636, 3, '2015-11-20 09:43:08', 1),
(47, -1094824140, 3, '2015-11-24 12:24:43', 1),
(48, -1094824140, 3, '2015-11-24 23:19:11', 1),
(49, -935038628, 3, '2015-11-26 10:40:00', 1),
(50, -1094824140, 3, '2016-03-31 16:02:07', 1),
(51, -1098162648, 3, '2016-04-04 12:16:18', 1),
(52, -1094824140, 3, '2016-04-05 10:24:34', 1),
(53, -1094824140, 3, '2016-04-05 10:35:48', 1),
(54, -935038628, 3, '2016-04-06 13:57:52', 0),
(55, -935038628, 3, '2016-04-06 13:58:31', 1),
(56, -935038628, 3, '2016-04-11 12:05:00', 1),
(57, -935038628, 3, '2016-04-11 12:25:19', 1),
(58, -935038628, 3, '2016-04-11 12:26:28', 1),
(59, -935038628, 3, '2016-04-11 13:59:18', 1),
(60, -935038628, 3, '2016-04-11 14:04:48', 1),
(61, -935038628, 3, '2016-04-11 14:17:13', 1),
(62, -935038628, 3, '2016-04-11 14:50:42', 1),
(63, -935038628, 3, '2016-04-11 16:12:35', 1),
(64, -935038628, 3, '2016-04-13 17:44:47', 1),
(65, -1094824140, 3, '2016-04-14 11:14:05', 1),
(66, -935038628, 3, '2016-04-15 10:05:20', 1),
(67, -935038628, 3, '2016-04-15 16:33:39', 1),
(68, -935038628, 3, '2016-04-18 16:09:10', 1),
(69, -935038628, 3, '2016-04-19 09:05:17', 1),
(70, -935038628, 3, '2016-04-19 12:36:37', 1),
(71, -935038628, 3, '2016-04-19 12:36:37', 1),
(72, -935038628, 3, '2016-04-20 11:57:20', 1),
(73, -935038628, 3, '2016-04-21 09:32:20', 1),
(74, -935038628, 3, '2016-04-21 16:40:17', 1),
(75, -935038628, 3, '2016-04-25 11:17:44', 1),
(76, -935038628, 3, '2016-04-25 15:00:03', 1),
(77, -935038628, 3, '2016-04-26 09:19:09', 1),
(78, -935038628, 3, '2016-04-26 13:49:39', 1),
(79, -935038628, 3, '2016-04-26 16:52:48', 1),
(80, -935038628, 3, '2016-04-27 09:23:06', 1),
(81, -935038628, 3, '2016-04-27 16:59:42', 1),
(82, -935038628, 3, '2016-04-28 14:32:18', 1),
(83, -935038628, 3, '2016-04-29 09:19:12', 1),
(84, -935038628, 3, '2016-04-29 17:28:46', 1),
(85, -935038628, 3, '2016-05-02 15:20:23', 1),
(86, -935038628, 3, '2016-05-03 11:14:33', 1),
(87, -935038628, 3, '2016-05-04 12:07:30', 1),
(88, -935038628, 3, '2016-05-06 15:05:46', 1),
(89, -935038628, 3, '2016-05-09 16:43:48', 1),
(90, -935038628, 3, '2016-05-13 09:36:08', 1),
(91, -935038628, 3, '2016-05-13 13:55:04', 1),
(92, -935038628, 3, '2016-05-13 13:55:05', 0),
(93, -935038628, 3, '2016-05-13 17:07:50', 1),
(94, -935038628, 3, '2016-05-16 11:40:15', 1),
(95, -935038628, 3, '2016-05-16 15:11:36', 1),
(96, -935038628, 3, '2016-05-17 16:05:23', 1),
(97, -935038628, 3, '2016-05-18 14:19:39', 1),
(98, -935038628, 3, '2016-05-20 09:41:53', 1),
(99, -935038628, 3, '2016-05-23 11:59:19', 1),
(100, -935038628, 3, '2016-05-24 14:22:26', 1),
(101, -935038628, 3, '2016-06-06 09:57:17', 1),
(102, -935038628, 3, '2016-06-06 10:06:25', 0),
(103, -935038628, 3, '2016-06-06 10:06:49', 1),
(104, -1094824140, 3, '2016-06-06 11:34:48', 1),
(105, -935038628, 3, '2016-06-13 09:41:34', 1),
(106, -935038628, 3, '2016-06-13 15:28:02', 1),
(107, -935038628, 3, '2016-06-14 09:39:41', 1),
(108, -935038628, 3, '2016-06-21 09:15:02', 1),
(109, -935038628, 3, '2016-08-09 16:54:23', 1),
(110, 3232243969, 3, '2016-08-18 21:58:26', 0),
(111, 3232243969, 3, '2016-08-18 21:58:31', 1),
(112, 3232243969, 3, '2016-08-20 20:26:08', 0),
(113, 3232243969, 3, '2016-08-20 20:26:18', 0),
(114, 3232243969, 3, '2016-08-20 20:26:29', 0),
(115, 3232243969, 3, '2016-08-20 20:26:44', 1);

-- --------------------------------------------------------

--
-- Table structure for table `bitauth_userdata`
--

CREATE TABLE `bitauth_userdata` (
  `userdata_id` int(10) UNSIGNED NOT NULL,
  `user_id` int(10) UNSIGNED NOT NULL
) ENGINE=MyISAM DEFAULT CHARSET=utf8;

--
-- Dumping data for table `bitauth_userdata`
--

INSERT INTO `bitauth_userdata` (`userdata_id`, `user_id`) VALUES
(3, 3);

-- --------------------------------------------------------

--
-- Table structure for table `bitauth_users`
--

CREATE TABLE `bitauth_users` (
  `user_id` int(11) UNSIGNED NOT NULL,
  `username` varchar(32) NOT NULL,
  `fullname` varchar(255) NOT NULL,
  `displayname` varchar(255) NOT NULL,
  `email` varchar(255) NOT NULL,
  `password` varchar(60) NOT NULL,
  `password_last_set` datetime NOT NULL,
  `password_never_expires` tinyint(1) NOT NULL DEFAULT '0',
  `remember_me` varchar(40) NOT NULL,
  `activation_code` varchar(40) NOT NULL,
  `groups_names` varchar(255) NOT NULL,
  `group_id` int(10) UNSIGNED NOT NULL,
  `active` tinyint(1) NOT NULL DEFAULT '0',
  `forgot_code` varchar(40) NOT NULL,
  `forgot_generated` datetime NOT NULL,
  `enabled` tinyint(1) NOT NULL DEFAULT '1',
  `file_manager_id` int(11) NOT NULL,
  `last_login` datetime NOT NULL,
  `last_login_ip` int(10) NOT NULL,
  `date_created` datetime NOT NULL
) ENGINE=MyISAM DEFAULT CHARSET=utf8;

--
-- Dumping data for table `bitauth_users`
--

INSERT INTO `bitauth_users` (`user_id`, `username`, `fullname`, `displayname`, `email`, `password`, `password_last_set`, `password_never_expires`, `remember_me`, `activation_code`, `groups_names`, `group_id`, `active`, `forgot_code`, `forgot_generated`, `enabled`, `file_manager_id`, `last_login`, `last_login_ip`, `date_created`) VALUES
(21822, 'bla', 'bla blas', '', 'admin@bla.com', '$2a$08$LfEZbVVeor1fIw79d5GEO.DVNWT6KZUJsYHkDIudtDX0iI0YPs8s2', '2014-08-29 12:34:33', 0, '8812207e38cccfed486024394288d8a22b66a632', '', 'Jugador', 3, 1, '', '0000-00-00 00:00:00', 1, 21, '2014-08-29 12:34:58', 2147483647, '2014-08-20 18:06:35'),
(21823, 'admin3232', '32132132', '', 'j@a.com', '$2a$08$jJelYpqj2/qPWkah4.QFQOWYwNxJrndapu6XrUFkSBYrR9CLDJbk.', '2014-08-20 18:21:46', 0, '', '', 'Jugador', 3, 1, '', '0000-00-00 00:00:00', 1, 22, '0000-00-00 00:00:00', 0, '2014-08-20 18:21:46'),
(3, 'admin', 'Admin tester', '', 'admin@admin.com', '$2a$08$KN8uiHuuObM2N/wZWdgPMuLAJe3iaCmqabumVarsz5zzHJOlmxGt2', '2015-11-14 16:00:01', 0, 'd8214041dc1b977391c47e7f4b9d85efcfbb7697', '', 'Administrador', 1, 1, '', '2013-03-15 16:04:54', 1, 23, '2016-08-20 20:26:44', 2147483647, '2012-09-28 16:27:01'),
(21824, 'bla', 'Blas parera', '', 'bla2@gmail.com', '$2a$08$bDfP.YHM8GiAdb0CsjXwH.Z41rja57p6r/dZyE6mmHT0mwOXXjBse', '2014-08-29 12:40:08', 0, '', '', 'Manager', 2, 1, '', '0000-00-00 00:00:00', 1, 24, '2014-08-29 12:40:28', 2147483647, '2014-08-29 12:40:08'),
(21825, 'bla', 'fdsfd', '', 'bla@bla.com', '$2a$08$MqhbrxvxBsfmga5f//Xt1uZI08GxZ60R4ZrOB/PmR70W0Kum0cKl.', '2014-08-29 13:30:28', 0, '', '', 'Manager', 2, 1, '', '0000-00-00 00:00:00', 1, 25, '0000-00-00 00:00:00', 0, '2014-08-29 13:30:28');

-- --------------------------------------------------------

--
-- Table structure for table `configs_users`
--

CREATE TABLE `configs_users` (
  `configuration_id` int(11) UNSIGNED NOT NULL,
  `user_id` int(11) UNSIGNED NOT NULL
) ENGINE=MyISAM DEFAULT CHARSET=utf8;

-- --------------------------------------------------------

--
-- Table structure for table `configurations`
--

CREATE TABLE `configurations` (
  `configuration_id` int(11) NOT NULL,
  `address` varchar(250) NOT NULL,
  `telephone` varchar(250) NOT NULL,
  `text_footer` varchar(250) NOT NULL,
  `url_facebook` varchar(250) NOT NULL,
  `url_twitter` varchar(250) NOT NULL,
  `url_googleplus` varchar(250) NOT NULL,
  `url_youtube` varchar(250) NOT NULL,
  `email` varchar(250) NOT NULL,
  `form_emails` text NOT NULL COMMENT 'separados por coma. (ej: juan@gmail.com, florencia@yahoo.com)',
  `username` varchar(255) NOT NULL,
  `text_about` text NOT NULL,
  `text_issue_mundo` text NOT NULL,
  `text_consumer_rights` text NOT NULL,
  `text_legal` text NOT NULL,
  `text_privacy_policy` text NOT NULL
) ENGINE=MyISAM DEFAULT CHARSET=utf8;

--
-- Dumping data for table `configurations`
--

INSERT INTO `configurations` (`configuration_id`, `address`, `telephone`, `text_footer`, `url_facebook`, `url_twitter`, `url_googleplus`, `url_youtube`, `email`, `form_emails`, `username`, `text_about`, `text_issue_mundo`, `text_consumer_rights`, `text_legal`, `text_privacy_policy`) VALUES
(1, 'Viamonte 867 3ero A (C1053ABQ)(CABA)', '(54-11) 4328-2044', '', 'https://www.facebook.com/Verellenhnos', '', '', '', 'info@verellen.com', 'info@verellen.com', '', 'texto nosotros', '', 'texto derechos del consumidor', 'texto aviso legal', 'texto politica de privacidad');

-- --------------------------------------------------------

--
-- Table structure for table `contacts`
--

CREATE TABLE `contacts` (
  `contact_id` int(11) UNSIGNED NOT NULL,
  `name` varchar(255) NOT NULL,
  `email` varchar(255) NOT NULL,
  `telephone` varchar(255) NOT NULL,
  `subject` varchar(255) NOT NULL,
  `message` text NOT NULL,
  `date_created` datetime NOT NULL
) ENGINE=MyISAM DEFAULT CHARSET=utf8;

--
-- Dumping data for table `contacts`
--

INSERT INTO `contacts` (`contact_id`, `name`, `email`, `telephone`, `subject`, `message`, `date_created`) VALUES
(26, 'Maria Daniela Garcia', 'mariadanielagarcia019@hotmail.com', '', 'construccion de casa de campo', 'queria un presupuesto por alguna de las casas que muestran', '2015-07-30 23:30:22'),
(27, 'Maria Daniela Garcia', 'mariadanielagarcia019@hotmail.com', '', 'construccion de casa de campo', 'queria un presupuesto por alguna de las casas que muestran', '2015-07-30 23:30:28'),
(29, 'Federico DL', 'fede0705@hotmail.com', '', 'Presupuesto', 'Buenas días,\nEstoy averiguando opciones para construir en barrio cerrado de Escobar, 120 mts2 cubiertos y 30 semi. \nLa idea es hacerla en la modalidad "Llave en mano".\nLes agradeceré que me puedan brindar información de costos aproximados y alcance de un proyecto de\nestas características.\n\nMuchas Gracias.', '2015-07-31 16:23:20'),
(30, 'Erica  zirkel', 'zirkelerica@gmail.com', '', 'consulta', 'hola, para averiguar por costos, en el modelo mas economico con dos dormitorios. Gracias', '2015-08-03 16:49:49'),
(34, 'Elias Turrin', 'test@gmail.com', '123456', 'Probando telefoo', 'probando', '2015-08-04 16:28:54'),
(35, 'Andrea Botti', 'anbotti@hotmail.com', '11-36895476', 'construcción', 'necesitaría saber valores de una casa de 70 m2  aprox, gracias', '2015-11-16 14:36:13'),
(36, 'Andrea Botti', 'anbotti@hotmail.com', '11-36895476', 'construcción', 'necesitaría saber valores de una casa de 70 m2  aprox, gracias', '2015-11-16 14:36:17'),
(37, 'Andrea Botti', 'anbotti@hotmail.com', '11-36895476', 'construcción', 'necesitaría saber valores de una casa de 70 m2 aprox, gracias', '2015-11-16 14:42:28'),
(38, 'NORMA VILA', 'normavila51@hotmail.com.ar', '5293-4374', 'COSTO', 'TENGO MI CASA EN VENTA DESEO CONSTRUIR EN LA COSTA,  CUANTO SALE EL M2 DE CONSTRUCCION, QUE TERMINACIONES,  GRACIAS\n', '2015-11-16 18:06:42'),
(39, 'NORMA VILA', 'normavila51@hotmail.com.ar', '5293-4374', 'COSTO', 'TENGO MI CASA EN VENTA DESEO CONSTRUIR EN LA COSTA,  CUANTO SALE EL M2 DE CONSTRUCCION, QUE TERMINACIONES,  GRACIAS\n', '2015-11-16 18:06:47'),
(40, 'Alejandra Landino', 'alitalandino@gmail.com', '', 'consulta', 'Queria consultarles por el acopio de materiales, si la lista de precios que tienen en la pagina esta actualizada, y como se manejan. Gracias', '2015-11-21 16:00:10'),
(41, 'Alejandra Landino', 'alitalandino@gmail.com', '', 'consulta', 'Queria consultarles por el acopio de materiales, si la lista de precios que tienen en la pagina esta actualizada, y como se manejan. Gracias', '2015-11-21 16:00:11'),
(42, 'Alejandra Landino', 'alitalandino@gmail.com', '', 'consulta', 'Queria consultarles por el acopio de materiales, si la lista de precios que tienen en la pagina esta actualizada, y como se manejan. Gracias', '2015-11-21 16:00:13'),
(43, 'Franco Faldini', 'laleopoldina@yahoo.com.ar', '0298315521828', 'PILETA', 'Quisiera saber si Ustedes construyen piletas en los campo (zona Coronel Dorrego) y me pueden presupuestar una pileta de 10x5 o de 12x4 en un terreno libre de piedras y tosca. Un presupuesto seria bienvenido. muchas gracias', '2016-03-03 11:08:57'),
(44, 'Franco Faldini', 'laleopoldina@yahoo.com.ar', '0298315521828', 'PILETA', 'Quisiera saber si Ustedes construyen piletas en los campo (zona Coronel Dorrego) y me pueden presupuestar una pileta de 10x5 o de 12x4 en un terreno libre de piedras y tosca. Un presupuesto seria bienvenido. muchas gracias', '2016-03-03 11:09:01'),
(45, 'Guillermo Cereseto', 'gcereseto@hotmail.com.ar', '0224115545619', 'casa de campo', 'Buenas tardes, quisiera me manden informacion sobre la casa  AN062  y el precio del m2.\nConozco a Mauricio y Pablo de cuando construyeron la pileta del Club Social de Dolores\nEspero su respuesta, muchas gracias ', '2016-03-03 18:53:22'),
(46, 'hernan esquivel gutierrez', 'gutierrezesquivel@yahoo.com.ar', '0348915639047', 'construccion de casa en box', 'hola como estan, el motivo de mi mail es consultar el costo de construccion de una casa denominada por ustedes en su pagina como "box" , con placas.  me paso su contacto una persona que ha construido con ustedes, conoci la casa y me gusto el diseño, pero sobre todo el costo y la repidez con la que trabajan . aguardo sus comentarios.\n', '2016-03-04 13:23:07'),
(47, 'hernan esquivel gutierrez', 'gutierrezesquivel@yahoo.com.ar', '0348915639047', 'construccion de casa en box', 'hola como estan, el motivo de mi mail es consultar el costo de construccion de una casa denominada por ustedes en su pagina como "box" , con placas.  me paso su contacto una persona que ha construido con ustedes, conoci la casa y me gusto el diseño, pero sobre todo el costo y la repidez con la que trabajan . aguardo sus comentarios.\n', '2016-03-04 13:23:11'),
(48, 'maria jose ollivier', 'majoollivier@gmail.com', '+543444445255', 'informacion', 'Buenas tardes. Queria saber cual es el costo de construccion basico.\ny cual es el tiempo de entrega? desde ya muchas gracias.\nToda informacion que crea que deba saber. Acepto que me envien, Muchas gracias.', '2016-03-05 20:11:52'),
(49, 'maria jose ollivier', 'majoollivier@gmail.com', '+543444445255', 'informacion', 'Buenas tardes, envie un mail pero no especifique, la casa me gustaria en una planta y de tres dormitorios. 1 bño completo y un toilete.  No muy grande. gracias.', '2016-03-05 20:15:23'),
(50, 'Daniel Pedemonte', 'pedemontedaniel@hotmail.com', '11 4765 4424', 'presupuesto', 'quiero construir un galpon de aproximadamente  6mts x 12 mts. necesito una idea de costo y forma de pago. gracias', '2016-03-09 12:42:22'),
(51, 'PRUEBA PRUEBA', 'posadaloseucaliptus@gmail.com', '4328-2044', 'PRUEBA', 'Probando', '2016-03-14 15:34:14'),
(52, 'maria jose ollivier', 'majoollivier@gmail.com', '0344415445255', 'modelo anver', 'Buen día, quería saber el precio del metro del modelo anver, desde ya muchas gracias ', '2016-03-15 11:06:58'),
(53, 'Santiago Moyano', 'smoyano@nidera.com.ar', '03774-15-634991', 'Consulta de Precio Casa Estilo Campo', 'Buenas tardes. Le consulto lo siguiente. Hacen casas en el Interior del Pais? Yo estoy en la Localidad de Curuzu Cuatia Corrientes. Cual seria el precio del m2 de una casa tipo Campo y cual es la medida de la misma. En m2. Gracias.\nSlds.\nSM', '2016-03-16 16:11:23'),
(54, 'maria jose ollivier', 'majoollivier@gmail.com', '+543444445255', 'informacion', 'Buenas trades. Me gustaria saber cuanto esta el metro de construccion,  y el tiempo de realizacion de la obra? en gualeguay entre rios. desde ya muchas gracias.', '2016-03-20 19:32:50'),
(55, 'Laura Bianchi', 'lauri5467@gmail.com', '1121717788', 'info', 'hola yo quisiera saber si ustedes hacen reformas  (tengo una casa que quiero hacer cocina y tres habitaciones) o solo construyen desde cero. gracias', '2016-03-27 19:47:40'),
(56, 'Laura Bianchi', 'lauri5467@gmail.com', '1121717788', 'info', 'hola yo quisiera saber si ustedes hacen reformas  (tengo una casa que quiero hacer cocina y tres habitaciones) o solo construyen desde cero. gracias', '2016-03-27 19:47:41'),
(57, 'Patricia Vdal', 'alberto.zenitram@hotmail.com', '011-1565205437', 'presupuesto', 'quisiera saber precio de una casa con las siguientes comodidades: 4 dormitorios,2 baños,lavadero,garage 2 autos,cocina comedor diario,living,opcional pileta y cuarto de herramientas,y canil.Tengo un terreno de 2000 mts en el barrio El CAZADOR, ( Belen de Escobar ),la idea es construir en ese lugar ,cual seria el medelo acorde a mis necesidades???,desde ya gracias por su tiempo. Patricia', '2016-04-02 14:22:09'),
(58, 'Juan  Aguilar', 'estudiojpaguilar@gmail.com', '0111555074746', 'Galpon', 'Quisiera un presupuesto por un galpon de 8 mts de ancho por 12 de largo. Ustedes lo arman? Seria en Campana. Gracias', '2016-04-04 14:34:28'),
(59, 'belen faela', 'mbfaella@hotmail.com', '01159381823', 'Consulta', 'Buenos días. Quería consultar el precio de una casa de 3 dormitorios (el lote tiene 14 x 40). Vi algunas de las que publicaron pero no puedo ver fotos cuando entro. Nos gusta un estilo moderno. Muchas gracias!', '2016-04-19 10:50:52'),
(60, 'belen faella', 'mbfaella@hotmail.com', '01159381823', 'Consulta', 'Buenos días. Queria consultar el valor por una casa de 3 dormitorios (el lote es de 14 x 40). Nos gusta el estilo moderno. Quise mirar algunas de las fotos pero no pude ingresar a todas. Gracias!', '2016-04-19 10:52:11'),
(61, 'Esteban Urraco', 'estebanurraco@hotmail.com', '0111568261371', 'Consulta', 'Hola, quisiera obtener información de las siguientes construcciones: CA004; AN071; AN069 y AN006. Me gustaría saber cantidad de ambientes, comodidades y detalles de cada una. Estoy averiguando porque quiero contruir una vivienda en un campo entre Ayacucho y Maipu (BS AS). Si pueden facilitarme valores también estría agradecido. Muchas gracias.', '2016-04-19 15:22:28'),
(62, 'Juan Cruz Pillado Matheu', 'juancruzpillado@gmail.com', '1136007959', 'Casa Encargado', 'A quien corresponda,\nMe podría pasar opciones para casa para encargado? La idea es que tenga un cuarto con una cama y un ropero,baño con ducha,cocina con heladera. Algo bien sencillo. Muchas gracias. Saludos', '2016-04-19 22:31:20'),
(63, 'Pablo Tornatore', 'ptornatore@gmail.com', '011 62565645', 'Presupuesto construcción industrializada', 'Estimados, quiero hacer 3 o 4 casitas de 36mts2 en Carmen de Areco, dependiendo de la diferencia de precio, preferentemente llave en mano.\nQur tenga una habitacion de 3,0 x 3,5, un baño y lo demas cocina-comedor-living.\nQueria pedirle presupuesto por el mt2,  y saber si tienen financiacion de una entrega y el resto a 24 meses.\nAdjunto al presupuesto queria pedirle la ficha técnica de la construccion. \n\nEspero su respuesta. \nDesde ya muchas gracias. \nSaludos.\nPablo.', '2016-04-20 18:23:05'),
(64, 'jorge laplace', 'jorgeflaplace@gmail.com', '', 'consulta', 'buenas tardes queria consultarles por sus construcciones... tengo un terreno y necesito realizar una construccion de cero, no se exactamente el servicio que realizan ustedes, si realizan toda la construccion o si hay que realizar algo antes, pero me lo han recomendado mucho... el tipo de construccion que me interesa es el AN 069, AN 075 o AN 065... de ese estilo, me gustaria puedan informarme al respecto, costos , tiempo y todo aquello que necesiten... desde ya muchas gracias por su informacion\n\natte\n\nJorge', '2016-04-25 13:53:54'),
(65, 'jorge laplace', 'jorgeflaplace@gmail.com', '', 'consulta', 'buenas tardes queria consultarles por sus construcciones... tengo un terreno y necesito realizar una construccion de cero, no se exactamente el servicio que realizan ustedes, si realizan toda la construccion o si hay que realizar algo antes, pero me lo han recomendado mucho... el tipo de construccion que me interesa es el AN 069, AN 075 o AN 065... de ese estilo, me gustaria puedan informarme al respecto, costos , tiempo y todo aquello que necesiten... desde ya muchas gracias por su informacion\n\natte\n\nJorge', '2016-04-25 13:53:59'),
(66, 'andy pereyra', 'andrea.pereyra.iraola@gmail.com', '011-15-4493-3188', 'piletas para canillas exteriores', 'por favor pasenme informacion sobre las piletas de cemento con alzaday canilla  para poner en exterior   Gracias!', '2016-04-28 15:33:21'),
(67, 'andy pereyra', 'andrea.pereyra.iraola@gmail.com', '011-15-4493-3188', 'piletas para canillas exteriores', 'por favor pasenme informacion sobre las piletas de cemento con alzaday canilla  para poner en exterior   Gracias!', '2016-04-28 15:33:23'),
(68, 'andy pereyra', 'andrea.pereyra.iraola@gmail.com', '011-15-4493-3188', 'piletas para canillas exteriores', 'por favor pasenme informacion sobre las piletas de cemento con alzaday canilla  para poner en exterior   Gracias!', '2016-04-28 15:33:25'),
(69, 'andy pereyra', 'andrea.pereyra.iraola@gmail.com', '011-15-4493-3188', 'piletas para canillas exteriores', 'por favor pasenme informacion sobre las piletas de cemento con alzaday canilla  para poner en exterior   Gracias!', '2016-04-28 15:33:25'),
(70, 'andy pereyra', 'andrea.pereyra.iraola@gmail.com', '011-15-4493-3188', 'piletas para canillas exteriores', 'por favor pasenme informacion sobre las piletas de cemento con alzaday canilla  para poner en exterior   Gracias!', '2016-04-28 15:33:26'),
(71, 'Maria Fernanda Nieto', 'loeldaca@hotmail.com', '1567133499', 'consulta ', 'Hola Buenos Dias;\n                                     Mi consulta es sobre las comodidades, precio y tiempo de entrega basicamente de las construcciones de las casa AN017 yAN 030 (de su porfolio), creo que esta ultima esta armada en Verellen Capilla del Señor \nGracias\nSaludos\nFernanda ', '2016-04-30 10:53:32'),
(72, 'Bradford Maisey Virgina Mante', 'Grinder27749@gmail.com', '', 'Advertising', 'Hello,\n May I kindly ask you if I can advertise in your website please? I need more visitor in my website. If you can, I will pay you 370$ monthly or we can discuss about the price.\nplease check my website http://nroxy.com and see if you like it maybe?\nThank you for your time!\nRegards,\nNroxy Team\n', '2016-05-01 05:06:45'),
(73, 'FEDERICO OLIVER', 'king_cad@hotmail.com', '1561976448 (Federico) / 1557019207 (Veronica)', 'visita a showroom y asesoramiento', 'Hola estamos interesados en que nos cuenten como trabajan ya que tenemos un lote en el barrio el remanso y quisieramos construir una casa. La idea es ir a verlos al showroom y que nos asesoren.\nsaludos \nFederico Oliver', '2016-05-03 20:11:35'),
(74, 'Madeleine Aldazabal', 'madealdazabal@hotmail.com', '02478-15-540821', 'Presupuesto para construcción', 'Hola, quisiera saber, en primer lugar, si este tipo de casas se pueden construir sobre techo de losa. La idea es hacer una casa de aprox 50m2 sobre techo de 100m2.\nEn segundo lugar, saber si se puede hacer un presupuesto aproximado o como es la cuestión.\nMuchas Gracias', '2016-05-06 16:01:28'),
(75, 'cecilia pasini', 'ceci_pasini@hotmail.com', '', 'consulta', 'Buenas tardes! Soy de Capitan Sarmiento,nos gusta lo que vimos de uds y nos interesaria mucho saber precio y sistema de contruccion,tiempo y demas..\nEspero su respuesta,muchas gracias!', '2016-05-09 17:55:03'),
(76, 'Luis Murphy', 'luismurphy@ymail.com', '3415876799', 'casa AN 062', 'Quisiera me enviaran un precio aproximado , por la casa que les marco , para construir en las sierras de Cordoba. Muchas Gracias', '2016-05-18 20:36:52'),
(77, 'Gonzalo  Hernan Vassallo', 'vassallogh@gmail.com', '0344415497166', 'consulta por modelo Anvers  ( 3 dorm. )', 'Deseo conocer con mas detalle las características de la construcción', '2016-05-19 15:52:25'),
(78, 'Madeleine Aldazabal', 'madealdazabal@hotmail.com', '0247815540821', 'presupuesto', 'Quisiera saber el precio aproximado del m2, soy de Capitan Sarmiento y me enteré que estan construyendo en la ciudad. Como en este tema hay mucho chanta dando vueltas, conociendolos me siento mas segura para escribirles. Mi idea es hacerme una casa, o monoambiente sobre el techo de losa de la casa de mi madre. Espero su respuesta.\nMuchas gracias', '2016-05-21 18:20:05'),
(79, 'amalia campelo', 'amalia_camp@yahoo.com.ar', '03489-15-525323', 'consulta', 'mi consulta es sobre la casa an 076, precio o precio del m2; la zona a construir será en campana o zárate (estamos decidiendo sobre dos terrenos). muchas gracias.\nan076', '2016-05-25 21:36:12'),
(80, 'Sonya Cawthorne Tawana Menck', 'Joplin82728@gmail.com', '', 'Publicity', 'Hi,\nI\'ve created a new website. I really need more visitors. May I kindl ask you if I can advertise in your website please?  My website is a Web-based SEO Tools http://elkseo.com .\nYou can visit my website if you want then decide if you can advertise it or no.\nIf you can, I monthly will pay you 280$ or we can talk about the Price.\nBest regards,\nELKSEO Team\n', '2016-05-26 05:54:38'),
(81, 'm victoria repetto repetto', 'vicu.repetto@gmail.com', '47430024', 'presupeusto', 'AN 075 , querìa saber cuanto costaria hacer esta casa o similar sencilla en san sebastian pilar gracias', '2016-05-29 15:14:26'),
(82, 'm victoria repetto repetto', 'vicu.repetto@gmail.com', '47430024', 'presupeusto', 'AN 073 , POR FAVOR PRESUPESUTO EN PILAR ', '2016-05-29 15:33:17'),
(83, 'carlos chagas', 'charlychagas@GMAIL.com', '+541141880945', 'construccion en zona sur', 'Hola, estamos por encarar una obra en la zona de hudson. Quiera confirmar si ustedes construyen alli, tambien si me podes dar mas info sobre el sistema de construcción y finalmente si podes orientarme costos por m2 solamente de la obra gruesa. saludos\n', '2016-06-05 22:39:30'),
(84, 'Paola Changala', 'paochangala@hotmail.com', '1163836335', 'Pedido', 'Hola como estas?  Necesito dos bolsones de arena para Jularo. Quisiera saber si te transfiero el dinero me lo podes enviar. \nGracias\nPaola', '2016-06-08 09:59:43'),
(85, 'Hugo Hector Raingo', 'hrnihongo@gmail.com', '+543774422779', 'Presupuesto', 'Hola. Le estoy escribiendo desde Curuzu Cuatia al sur de Corrientes. Estoy empezando a proyectar mi casa en una propiedad suburbana frente al campo de golf. Quiero saber en primer lugar si ustedes construirian aca. Luego Mi esposa es arquitecta y quisieramos construir el proyecto de ella. Seria una casa alrededor de 150 m2. \nTodo en planta baja con una habitacion en suite en planta alta.\nQuisiera saber el costo estimado por m2 y toda la informacion que me  puedan enviar sera bien recibida.\nEspero su respuesta.\n ', '2016-06-09 19:16:45'),
(86, 'Daniela  Vizcaino', 'Danielavizcaino75@gmail.com', '2494 270284', 'Vivienda en el campo!!', 'Hola me podrías pasar información para hacer una vivienda en el campo , normal cocina comedor , 1 o 2 habitaciones y baño !!! \nEs para tener un idea , sería en un campo cerca de San Pedro Pcia Bs As muchas gracias .', '2016-06-16 11:32:53'),
(87, 'Monica Barassi', 'monicabarassi@yahoo.com.ar', '1167405557', 'Precio', 'Me interesaria la AN 44, podrían pasarme un presupuesto estimativo del precio llave en mano. Y fotos de este modelo o similar. Gracias ', '2016-06-17 00:56:13'),
(88, 'Norberto Niemetschek', 'nniemetschek@yahoo.com.ar', '0342 15 5152494', 'Consulta', 'Buenos días.\nDeseo saber si realizan ', '2016-06-17 18:24:53'),
(89, 'Norberto Niemetschek', 'nniemetschek@yahoo.com.ar', '0342 15 5152494', 'Consulta', 'Buenos días.\nDeseo saber si realizan ', '2016-06-17 18:24:54'),
(90, 'Norberto Niemetschek', 'nniemetschek@yahoo.com.ar', '0342 15 5152494', 'Consulta', 'Buenos días.\nDeseo saber si realizan ', '2016-06-17 18:24:54'),
(91, 'Norberto Niemetschek', 'nniemetschek@yahoo.com.ar', '0342 15 5152494', 'Consulta', 'Buenos días.\nDeseo saber si realizan ', '2016-06-17 18:24:54'),
(92, 'Norberto Niemetschek', 'nniemetschek@yahoo.com.ar', '0342 15 5152494', 'Consulta', 'Buenos días.\nDeseo saber si realizan ', '2016-06-17 18:24:54'),
(93, 'Norberto Niemetschek', 'nniemetschek@yahoo.com.ar', '0342 15 5152494', 'Consulta', 'Buenos días.\nDeseo saber si realizan ', '2016-06-17 18:24:54'),
(94, 'Norberto Niemetschek', 'nniemetschek@yahoo.com.ar', '0342 15 5152494', 'Consulta', 'Buenos días.\nDeseo saber si realizan ', '2016-06-17 18:24:54'),
(95, 'Luciano Sampietro', 'luchosampietro@yahoo.com.ar', '011.1562456685', 'consulta', 'Hola te queria consultar el valor de las contrucciones an 076 y an 050, para realizarlas en open door. Tambien si hay algun tipo de financiacion. Muchas gracias.', '2016-06-25 18:10:54'),
(96, 'mayra fernandez', 'fmayralilian@gmail.com', '01158007500', 'Consulta', 'Hola Buenas tardes!!!estaba mirando su página y me interesan los modelos que ví. Sin compromiso me gustaria saber mas sobre las casas como se fabrican, costos,  desde ya muchas gracias. ', '2016-06-30 17:19:41'),
(97, 'gusatavo spinelli', 'monitosmp@hotmail.com', '1552401591', 'casa an 051', 'por contruccion', '2016-07-03 18:22:44'),
(98, 'joaquin luciano', 'laforestal@icloud.com', '03446500239', 'consulta.', 'Buen dia, tengo una chacra en gualeguaychu entre rios, y quisiera construir una casa de alrededor de 60m2 cubiertos y 20 semicubiertos, tienen algo de eso, podrian enviarme costos, sin mas muchas gracias,', '2016-07-04 14:45:54'),
(99, 'MARCELO  BARCA', 'marcelobarca@hotmail.com', '011 15 49397115', 'presupuesto ', 'HOLA  HACE UNOS CUANTOS DIAS,PASAMOS POR EL SHOWROOM ,DESPUES ME LLAMO PABLO, QUEDAMOS QUE ME ENVIABA UN PRESUPUESTO ,PERO NO ME LLEGO TODAVIA ,QUERIA SABER  SI PUEDEN PASARMELO ,GRACIAS.\nSALUDOS MARCELO .\nLES DEJO OTRO MAIL ,marcelodipaolo@gmail.com', '2016-07-05 19:42:40'),
(100, 'Fernando Arias Usandivaras', 'fernandoariasusan@gmail.com', '03773-15405506', 'Construcción de una casa en Mercedes, Corrientes', 'Tengo interés en saber si Ustedes construyen en el interior. En caso afirmativo, quisiera tener idea de los valores por m2, pensando en una casa de 120-140 m2. ', '2016-07-06 18:02:50'),
(101, 'Alejandro Gerling', 'alejandrogerling@gmail.com', '0249154623601', 'Precios', 'Hola, queria saber si tienen oficinas en Tandil. Gracias.', '2016-07-07 20:39:26'),
(102, 'Alberto Sosa ', 'yacarecau@hotmail.com', '1164950984', 'Construcción en las flores bs as ', 'Enviar valor casa completa de dos habitaciones. Envías especificaciones técnicas. Dimensiones. Que terminaciones tiene ejemplo cargas. Haberturas aluminio. Rejas.  Mesada cocina. Baño artefacto etc. Gracias. ', '2016-07-10 20:46:41'),
(103, 'Carlos Villar', 'carlos.villar@hsbc.com.ar', '15-51270216', 'Presupuesto', 'Buen Dia, necesito me coticen los siguientes materiales, 1 pallets de ladrillos Retak de 7.5, 3 varillas de 4.2 y 7 bolsas de mortero. Por favor informarme si existe alguna promocion, pagos con tarjeta, etc. es para entregar en Barrio Jularo. Muchas Gracias.', '2016-07-11 12:04:48'),
(104, 'Ramiro Nogues', 'ramiro.nogues@gmail.com', '+5493487235695', 'Asesoramiento', 'Hola estoy evaluando la compra de un inmueble en la zona de Parque Sakura y algunas modificaciones a realizar en dicha construcción. Una persona que conozco fué asesorada por Uds cuando compró su casa. Desearía saber si siguen dando el servicio. De ser así me gustaria reunirme con uds para coordinar un dia y horario para una visita a la propiedad.\nDesde ya muchas gracias por su atención.\n\nSaluda a uds. cordialmente:\n\nRamiro Nogues', '2016-07-12 16:58:31'),
(105, 'Eduardo Martens', 'eduardo_vae@infovia.com.ar', '2494596445', 'consulta sobre casas', 'Hola buenas noches. Me gustaría recibir acesoramiento sobre las viviendas que realizan, saber si hacen en Tandil, saber que se necesita tener a parte del terreno y fundamentalmente costos.\nGracias, Eduardo-', '2016-07-26 21:21:06'),
(106, 'Carlos Polemann ', 'carlinpole@gmail.com', '48110275', 'salamandra ', 'Estimados quisiera saber el precio de una salamandra mediana o chica para instalacion en un cuarto. Gracias', '2016-07-31 12:54:45'),
(107, 'HILDA ESTER RUSSO', 'russohilda@hotmail.com.ar', '2262-452376 /2262-413239', 'construir casa o cabaña', ' MI recuerdo es muy bueno de la empresa ,ya que a mi padre LUCIO AMARO RUSSO en los años 1960 aproximado ,le constryeron un galpon en colonia rivadavia ,est, Cristiano Muerto ,hubo un problema y vino un señor verellen piloteando su avion a ver la obra y como tenia defectos mando a refaccionar y regalo un gallinero ,UN SR. CON MAYUSCULAS, Hoy yo soy una sra ya abuela y recuerdo ese acto. perdon por el relato ahora les comento vivo en quequen y en un terreno contiguo a mi casa me agradaria construir una para alquilar en verano algo pequeno  me agrado lacasa anvers 054, o algo mas pequeño desearia saber aproximado precios y que materiales lleva el terreno es de 10por 50 ,oh quiza 2 loft. espero respueta .\natte SRA HILDA RUSSO', '2016-08-04 17:14:01'),
(108, 'Cristina Clament', 'criscla_@hotmail.com', '', 'Precio', 'Quisiera saber el precio del m2 llave en mano en zona de exaltacion de la cruz .', '2016-08-07 20:39:02'),
(109, 'Daniel Yorini', 'dayorini@yahoo.com.ar', '011-15-4143-6872', 'Presupuesto Pileta', 'Buenos días, necesitaría saber si me pueden cotizar pileta 8.5x4.5 prof 1 a 1.8, borde perimetral baldosa atermica, con filtros lista para funcionar.\nBarrio Jularó.\nEspero su respuesta.\nGracias, saludos.\nDaniel Yorini.\n011-15-4143-6872', '2016-08-08 11:17:46'),
(110, 'Angeles Benavides', 'angelesbenavides@hotmail.com', '1157073091', 'Construcción en Tandil', 'Buenas tardes, queria consultar donde puedo averiguar mas sobre las construcciones  Anvers? gracias! Angeles ( Vivo en Tandil)', '2016-08-08 15:56:39'),
(111, 'Eugenia Belmonte ', 'Cingalana@gmail.com', '1531087812', 'Casa ', 'Hola, quisiera saber cuánto sale el m2 de construcción quiero hacer una casa de 5m x 6m con una altura como para en un futuro hacer un entrepiso. A donde tengo que mandar el proyecto para que me lo coticen ?\nSaludos \nEugenia ', '2016-08-11 13:39:50'),
(112, 'Anibal Ruano', 'anibalruano@hotmail.com', '1558217837', 'Visitar el show room', 'Dias y horarios ', '2016-08-13 13:57:33'),
(113, 'Anibal Ruano', 'anibalruano@hotmail.com', '1558217837', 'Visitar el show room', 'Dias y horarios ', '2016-08-13 13:57:33'),
(114, 'Javier Pertino', 'jpertino@grupotmg.com.ar', '111544105453', 'Presupuesto', 'Buenas trades, Uds., Le hicieron a un vecino mio en  Capilla del Senor , una pileta de notacion ( La  Siestera) . Queria pedirles un presupuesto si todatoda sigue no haciendo see trabaja.Saludos', '2016-08-14 13:13:38'),
(115, 'Andrea Trebin', 'andreatrebin@gmail.com', '0111555957385', 'Consulta', 'Buen dia. Nosostros hicimos una pileta hace 8 anos con ud. Ahora nos mudamos y queriamos un presupuesto por una pileta de 3,5 por 7, y de 2,5 por 10m. En Pilar. Muchas gracias', '2016-08-16 10:10:26'),
(116, 'patricia bruno', 'estancialabruno@gmail.com', '02323473214', '4 CASITAS DE ENCARGADO DE 30 M2', 'BUENAS TARDES QUISIERA SABER EL PRESUPUESTO POR 4 CASITAS DE LAS CUALES ME GUSTA LA QUE VEO DESDE LAA RUTA QUE PARECE UN GALPON A UN AGUA AUN NO TERMINADA PUERTA CENTRALIZADA Y VENTANALES.\nESTARE PASANDO EN LA SEMANA PERO NECESITO PRESUPUESTAR LO SOLICITADO, INGRESE A SU PAGINA Y HE VISTO DOS MODELOS DE CASAS PARA ENCARGADOS , LAS DOS ESTARIAN PERFECTAS SI BIEN N LAS PUDE VER POR DENTRO, DESDE YA ESPERO LA INFORMACION GRACIAS ,\nMI CEL ES 02323471432', '2016-08-16 12:45:43');

-- --------------------------------------------------------

--
-- Table structure for table `files`
--

CREATE TABLE `files` (
  `file_id` int(11) UNSIGNED NOT NULL,
  `file` varchar(255) NOT NULL,
  `file_name` varchar(255) NOT NULL,
  `type` enum('image','video','archive') NOT NULL,
  `code` varchar(255) NOT NULL,
  `ext` varchar(10) NOT NULL,
  `group` varchar(255) NOT NULL,
  `file_description` varchar(255) NOT NULL,
  `date_created` datetime NOT NULL
) ENGINE=MyISAM DEFAULT CHARSET=utf8;

--
-- Dumping data for table `files`
--

INSERT INTO `files` (`file_id`, `file`, `file_name`, `type`, `code`, `ext`, `group`, `file_description`, `date_created`) VALUES
(1, '1_1.jpg', '1', 'image', '', 'jpg', '', '', '2014-09-10 16:34:40'),
(2, '2_4.jpg', '4', 'image', '', 'jpg', '', '', '2014-09-10 16:34:57'),
(3, '3_4.jpg', '4', 'image', '', 'jpg', '', '', '2014-09-10 16:35:02'),
(4, '4_7.jpg', '7', 'image', '', 'jpg', '', '', '2014-09-10 16:35:29'),
(5, '5_2.jpg', '2', 'image', '', 'jpg', '', '', '2014-09-11 11:18:16'),
(6, '6_4.jpg', '4', 'image', '', 'jpg', '', '', '2014-09-11 11:18:32'),
(7, '7_2.jpg', '2', 'image', '', 'jpg', '', '', '2014-09-11 12:37:09'),
(8, '8_4.jpg', '4', 'image', '', 'jpg', '', '', '2014-09-11 12:37:13'),
(9, '9_7.jpg', '7', 'image', '', 'jpg', '', '', '2014-09-11 12:37:17'),
(10, '10_slider1.jpg', 'slider1', 'image', '', 'jpg', '', '', '2015-07-06 16:54:53'),
(11, '11_slider1.jpg', 'slider1', 'image', '', 'jpg', '', '', '2015-07-06 16:55:10'),
(12, '12_slider1.jpg', 'slider1', 'image', '', 'jpg', '', '', '2015-07-06 16:55:16'),
(13, '13_slider1.jpg', 'slider1', 'image', '', 'jpg', '', '', '2015-07-06 16:55:26'),
(14, '14_shock-de-brillo.jpg', 'shock-de-brillo', 'image', '', 'jpg', '', '', '2015-07-06 21:03:02'),
(26, '26_coloracion-demo.png', 'coloracion-demo', 'image', '', 'png', '', '', '2015-07-08 18:00:33'),
(16, '16_shock-de-brillo.jpg', 'shock-de-brillo', 'image', '', 'jpg', '', '', '2015-07-06 21:43:44'),
(17, '17_3d-gloss.jpg', '3d-gloss', 'image', '', 'jpg', '', '', '2015-07-06 21:50:49'),
(18, '18_3d-gloss.jpg', '3d-gloss', 'image', '', 'jpg', '', '', '2015-07-06 22:01:22'),
(19, '19_slider1.jpg', 'slider1', 'image', '', 'jpg', '', '', '2015-07-07 20:35:39'),
(20, '20_slider1-mobile.png', 'slider1-mobile', 'image', '', 'png', '', '', '2015-07-07 20:35:39'),
(24, '24_slider1-mobile.png', 'slider1-mobile', 'image', '', 'png', '', '', '2015-07-07 20:41:43'),
(27, '27_blog.jpg', 'blog', 'image', '', 'jpg', '', '', '2015-07-08 21:22:15'),
(23, '23_slider2.jpg', 'slider2', 'image', '', 'jpg', '', '', '2015-07-07 20:41:43'),
(29, '29_crazy-colors.jpg', 'crazy-colors', 'image', '', 'jpg', '', '', '2015-07-09 18:21:28'),
(30, '30_color1.jpg', 'color1', 'image', '', 'jpg', '', '', '2015-07-10 17:25:43'),
(31, '31_color2.jpg', 'color2', 'image', '', 'jpg', '', '', '2015-07-10 17:26:59'),
(32, '32_color4.jpg', 'color4', 'image', '', 'jpg', '', '', '2015-07-10 17:27:21'),
(33, '33_color1.jpg', 'color1', 'image', '', 'jpg', '', '', '2015-07-10 17:27:51'),
(34, '34_color3.jpg', 'color3', 'image', '', 'jpg', '', '', '2015-07-10 17:28:24'),
(35, '35_color4.jpg', 'color4', 'image', '', 'jpg', '', '', '2015-07-10 17:29:00'),
(36, '36_color2.jpg', 'color2', 'image', '', 'jpg', '', '', '2015-07-10 17:29:30'),
(37, '37_color3.jpg', 'color3', 'image', '', 'jpg', '', '', '2015-07-10 17:29:49'),
(38, '38_color4.jpg', 'color4', 'image', '', 'jpg', '', '', '2015-07-10 17:30:09'),
(39, '39_color3.jpg', 'color3', 'image', '', 'jpg', '', '', '2015-07-10 17:30:31'),
(40, '40_blog_post3.jpg', 'blog_post3', 'image', '', 'jpg', '', '', '2015-07-12 18:28:46'),
(41, '41_04.jpg', '04', 'image', '', 'jpg', '', '', '2015-07-16 13:44:27'),
(42, '42_08.jpg', '08', 'image', '', 'jpg', '', '', '2015-07-16 13:44:27'),
(65, '65_an003foto.jpg', 'an003foto', 'image', '', 'jpg', '', '', '2015-07-29 16:08:34'),
(64, '64_03.jpg', '03', 'image', '', 'jpg', '', '', '2015-07-29 16:08:34'),
(55, '55_01.jpg', '01', 'image', '', 'jpg', '', '', '2015-07-29 15:27:51'),
(58, '58_an001.jpg', 'an001', 'image', '', 'jpg', '', '', '2015-07-29 15:53:31'),
(57, '57_an001foto.jpg', 'an001foto', 'image', '', 'jpg', '', '', '2015-07-29 15:53:31'),
(59, '59_an001plano.jpg', 'an001plano', 'image', '', 'jpg', '', '', '2015-07-29 15:53:31'),
(60, '60_02.jpg', '02', 'image', '', 'jpg', '', '', '2015-07-29 16:03:58'),
(61, '61_an002foto.jpg', 'an002foto', 'image', '', 'jpg', '', '', '2015-07-29 16:03:58'),
(62, '62_an002.jpg', 'an002', 'image', '', 'jpg', '', '', '2015-07-29 16:03:58'),
(63, '63_an002plano.jpg', 'an002plano', 'image', '', 'jpg', '', '', '2015-07-29 16:03:58'),
(327, '327_01.jpg', '01', 'image', '', 'jpg', '', '', '2015-07-30 03:11:13'),
(53, '53_bartsellshissoul31.jpg', 'bartsellshissoul31', 'image', '', 'jpg', '', '', '2015-07-28 18:00:40'),
(54, '54_Sinttulo.jpg', 'Sinttulo', 'image', '', 'jpg', '', '', '2015-07-28 18:09:34'),
(66, '66_an003.jpg', 'an003', 'image', '', 'jpg', '', '', '2015-07-29 16:08:34'),
(67, '67_an003plano.jpg', 'an003plano', 'image', '', 'jpg', '', '', '2015-07-29 16:08:34'),
(68, '68_04.jpg', '04', 'image', '', 'jpg', '', '', '2015-07-30 00:31:12'),
(69, '69_an004foto.jpg', 'an004foto', 'image', '', 'jpg', '', '', '2015-07-30 00:31:12'),
(70, '70_an004.jpg', 'an004', 'image', '', 'jpg', '', '', '2015-07-30 00:31:12'),
(71, '71_an004plano.jpg', 'an004plano', 'image', '', 'jpg', '', '', '2015-07-30 00:31:12'),
(72, '72_05.jpg', '05', 'image', '', 'jpg', '', '', '2015-07-30 00:36:55'),
(73, '73_an005foto.jpg', 'an005foto', 'image', '', 'jpg', '', '', '2015-07-30 00:36:55'),
(74, '74_an005.jpg', 'an005', 'image', '', 'jpg', '', '', '2015-07-30 00:36:55'),
(75, '75_an005plano.jpg', 'an005plano', 'image', '', 'jpg', '', '', '2015-07-30 00:36:55'),
(76, '76_06.jpg', '06', 'image', '', 'jpg', '', '', '2015-07-30 00:40:02'),
(77, '77_an006foto.jpg', 'an006foto', 'image', '', 'jpg', '', '', '2015-07-30 00:40:02'),
(78, '78_an006.jpg', 'an006', 'image', '', 'jpg', '', '', '2015-07-30 00:40:02'),
(79, '79_07.jpg', '07', 'image', '', 'jpg', '', '', '2015-07-30 00:46:19'),
(80, '80_an007foto.jpg', 'an007foto', 'image', '', 'jpg', '', '', '2015-07-30 00:46:19'),
(81, '81_an007.jpg', 'an007', 'image', '', 'jpg', '', '', '2015-07-30 00:46:19'),
(82, '82_08.jpg', '08', 'image', '', 'jpg', '', '', '2015-07-30 00:47:27'),
(83, '83_an008foto.jpg', 'an008foto', 'image', '', 'jpg', '', '', '2015-07-30 00:47:27'),
(84, '84_an008.jpg', 'an008', 'image', '', 'jpg', '', '', '2015-07-30 00:47:27'),
(85, '85_09.jpg', '09', 'image', '', 'jpg', '', '', '2015-07-30 00:48:20'),
(86, '86_an009foto.jpg', 'an009foto', 'image', '', 'jpg', '', '', '2015-07-30 00:48:20'),
(87, '87_an009.jpg', 'an009', 'image', '', 'jpg', '', '', '2015-07-30 00:48:20'),
(88, '88_10.jpg', '10', 'image', '', 'jpg', '', '', '2015-07-30 00:50:08'),
(89, '89_an010foto.jpg', 'an010foto', 'image', '', 'jpg', '', '', '2015-07-30 00:50:08'),
(90, '90_an010.jpg', 'an010', 'image', '', 'jpg', '', '', '2015-07-30 00:50:08'),
(91, '91_11.jpg', '11', 'image', '', 'jpg', '', '', '2015-07-30 00:51:02'),
(92, '92_an011foto.jpg', 'an011foto', 'image', '', 'jpg', '', '', '2015-07-30 00:51:02'),
(93, '93_an010.jpg', 'an010', 'image', '', 'jpg', '', '', '2015-07-30 00:51:02'),
(94, '94_12.jpg', '12', 'image', '', 'jpg', '', '', '2015-07-30 00:51:51'),
(95, '95_an012foto.jpg', 'an012foto', 'image', '', 'jpg', '', '', '2015-07-30 00:51:51'),
(96, '96_an012.jpg', 'an012', 'image', '', 'jpg', '', '', '2015-07-30 00:51:51'),
(97, '97_13.jpg', '13', 'image', '', 'jpg', '', '', '2015-07-30 00:52:51'),
(98, '98_an013foto.jpg', 'an013foto', 'image', '', 'jpg', '', '', '2015-07-30 00:52:51'),
(99, '99_an013.jpg', 'an013', 'image', '', 'jpg', '', '', '2015-07-30 00:52:51'),
(100, '100_14.jpg', '14', 'image', '', 'jpg', '', '', '2015-07-30 00:58:04'),
(101, '101_an014foto.jpg', 'an014foto', 'image', '', 'jpg', '', '', '2015-07-30 00:58:04'),
(102, '102_an014.jpg', 'an014', 'image', '', 'jpg', '', '', '2015-07-30 00:58:04'),
(103, '103_15.jpg', '15', 'image', '', 'jpg', '', '', '2015-07-30 01:00:38'),
(104, '104_an015foto.jpg', 'an015foto', 'image', '', 'jpg', '', '', '2015-07-30 01:00:38'),
(105, '105_an015.jpg', 'an015', 'image', '', 'jpg', '', '', '2015-07-30 01:00:38'),
(106, '106_16.jpg', '16', 'image', '', 'jpg', '', '', '2015-07-30 01:13:04'),
(107, '107_an016foto.jpg', 'an016foto', 'image', '', 'jpg', '', '', '2015-07-30 01:13:04'),
(108, '108_an016.jpg', 'an016', 'image', '', 'jpg', '', '', '2015-07-30 01:13:04'),
(109, '109_17.jpg', '17', 'image', '', 'jpg', '', '', '2015-07-30 01:14:40'),
(110, '110_an017foto.jpg', 'an017foto', 'image', '', 'jpg', '', '', '2015-07-30 01:14:40'),
(111, '111_an017.jpg', 'an017', 'image', '', 'jpg', '', '', '2015-07-30 01:14:40'),
(112, '112_18.jpg', '18', 'image', '', 'jpg', '', '', '2015-07-30 01:15:25'),
(113, '113_an018foto.jpg', 'an018foto', 'image', '', 'jpg', '', '', '2015-07-30 01:15:25'),
(114, '114_an018.jpg', 'an018', 'image', '', 'jpg', '', '', '2015-07-30 01:15:25'),
(115, '115_19.jpg', '19', 'image', '', 'jpg', '', '', '2015-07-30 01:16:16'),
(116, '116_an019foto.jpg', 'an019foto', 'image', '', 'jpg', '', '', '2015-07-30 01:16:16'),
(117, '117_an019.jpg', 'an019', 'image', '', 'jpg', '', '', '2015-07-30 01:16:16'),
(118, '118_20.jpg', '20', 'image', '', 'jpg', '', '', '2015-07-30 01:19:33'),
(119, '119_an020foto.jpg', 'an020foto', 'image', '', 'jpg', '', '', '2015-07-30 01:19:33'),
(120, '120_an020.jpg', 'an020', 'image', '', 'jpg', '', '', '2015-07-30 01:19:33'),
(121, '121_21.jpg', '21', 'image', '', 'jpg', '', '', '2015-07-30 01:20:37'),
(122, '122_an021foto.jpg', 'an021foto', 'image', '', 'jpg', '', '', '2015-07-30 01:20:37'),
(123, '123_an021.jpg', 'an021', 'image', '', 'jpg', '', '', '2015-07-30 01:20:37'),
(128, '128_an022foto.jpg', 'an022foto', 'image', '', 'jpg', '', '', '2015-07-30 01:21:49'),
(129, '129_an022.jpg', 'an022', 'image', '', 'jpg', '', '', '2015-07-30 01:21:49'),
(130, '130_23.jpg', '23', 'image', '', 'jpg', '', '', '2015-07-30 01:23:09'),
(127, '127_22.jpg', '22', 'image', '', 'jpg', '', '', '2015-07-30 01:21:49'),
(131, '131_an023foto.jpg', 'an023foto', 'image', '', 'jpg', '', '', '2015-07-30 01:23:09'),
(132, '132_an023.jpg', 'an023', 'image', '', 'jpg', '', '', '2015-07-30 01:23:09'),
(133, '133_24.jpg', '24', 'image', '', 'jpg', '', '', '2015-07-30 01:23:51'),
(134, '134_an024foto.jpg', 'an024foto', 'image', '', 'jpg', '', '', '2015-07-30 01:23:51'),
(135, '135_an024.jpg', 'an024', 'image', '', 'jpg', '', '', '2015-07-30 01:23:51'),
(136, '136_25.jpg', '25', 'image', '', 'jpg', '', '', '2015-07-30 01:24:49'),
(137, '137_an025foto.jpg', 'an025foto', 'image', '', 'jpg', '', '', '2015-07-30 01:24:49'),
(138, '138_an025.jpg', 'an025', 'image', '', 'jpg', '', '', '2015-07-30 01:24:49'),
(139, '139_26.jpg', '26', 'image', '', 'jpg', '', '', '2015-07-30 01:25:34'),
(140, '140_an026foto.jpg', 'an026foto', 'image', '', 'jpg', '', '', '2015-07-30 01:25:34'),
(141, '141_an026.jpg', 'an026', 'image', '', 'jpg', '', '', '2015-07-30 01:25:34'),
(142, '142_27.jpg', '27', 'image', '', 'jpg', '', '', '2015-07-30 01:31:00'),
(143, '143_an027foto.jpg', 'an027foto', 'image', '', 'jpg', '', '', '2015-07-30 01:31:00'),
(144, '144_an027.jpg', 'an027', 'image', '', 'jpg', '', '', '2015-07-30 01:31:00'),
(145, '145_28.jpg', '28', 'image', '', 'jpg', '', '', '2015-07-30 01:32:22'),
(146, '146_an028foto.jpg', 'an028foto', 'image', '', 'jpg', '', '', '2015-07-30 01:32:22'),
(147, '147_an028.jpg', 'an028', 'image', '', 'jpg', '', '', '2015-07-30 01:32:22'),
(148, '148_29.jpg', '29', 'image', '', 'jpg', '', '', '2015-07-30 01:32:57'),
(149, '149_an029foto.jpg', 'an029foto', 'image', '', 'jpg', '', '', '2015-07-30 01:32:57'),
(150, '150_an029.jpg', 'an029', 'image', '', 'jpg', '', '', '2015-07-30 01:32:57'),
(151, '151_30.jpg', '30', 'image', '', 'jpg', '', '', '2015-07-30 01:33:39'),
(152, '152_an030foto.jpg', 'an030foto', 'image', '', 'jpg', '', '', '2015-07-30 01:33:39'),
(153, '153_an030.jpg', 'an030', 'image', '', 'jpg', '', '', '2015-07-30 01:33:39'),
(154, '154_31.jpg', '31', 'image', '', 'jpg', '', '', '2015-07-30 01:34:30'),
(155, '155_an031foto.jpg', 'an031foto', 'image', '', 'jpg', '', '', '2015-07-30 01:34:30'),
(156, '156_an031.jpg', 'an031', 'image', '', 'jpg', '', '', '2015-07-30 01:34:30'),
(157, '157_32.jpg', '32', 'image', '', 'jpg', '', '', '2015-07-30 01:35:18'),
(158, '158_an032foto.jpg', 'an032foto', 'image', '', 'jpg', '', '', '2015-07-30 01:35:18'),
(159, '159_an032.jpg', 'an032', 'image', '', 'jpg', '', '', '2015-07-30 01:35:18'),
(160, '160_33.jpg', '33', 'image', '', 'jpg', '', '', '2015-07-30 01:36:05'),
(161, '161_an033foto.jpg', 'an033foto', 'image', '', 'jpg', '', '', '2015-07-30 01:36:05'),
(162, '162_an033.jpg', 'an033', 'image', '', 'jpg', '', '', '2015-07-30 01:36:05'),
(163, '163_34.jpg', '34', 'image', '', 'jpg', '', '', '2015-07-30 01:37:00'),
(164, '164_an034foto.jpg', 'an034foto', 'image', '', 'jpg', '', '', '2015-07-30 01:37:00'),
(165, '165_an034.jpg', 'an034', 'image', '', 'jpg', '', '', '2015-07-30 01:37:00'),
(166, '166_35.jpg', '35', 'image', '', 'jpg', '', '', '2015-07-30 01:37:51'),
(167, '167_an035foto.jpg', 'an035foto', 'image', '', 'jpg', '', '', '2015-07-30 01:37:51'),
(168, '168_an035.jpg', 'an035', 'image', '', 'jpg', '', '', '2015-07-30 01:37:51'),
(169, '169_36.jpg', '36', 'image', '', 'jpg', '', '', '2015-07-30 01:39:03'),
(170, '170_an036foto.jpg', 'an036foto', 'image', '', 'jpg', '', '', '2015-07-30 01:39:03'),
(171, '171_an036.jpg', 'an036', 'image', '', 'jpg', '', '', '2015-07-30 01:39:03'),
(172, '172_37.jpg', '37', 'image', '', 'jpg', '', '', '2015-07-30 01:40:02'),
(173, '173_an037foto.jpg', 'an037foto', 'image', '', 'jpg', '', '', '2015-07-30 01:40:02'),
(174, '174_an037.jpg', 'an037', 'image', '', 'jpg', '', '', '2015-07-30 01:40:02'),
(175, '175_38.jpg', '38', 'image', '', 'jpg', '', '', '2015-07-30 01:40:59'),
(176, '176_an038foto.jpg', 'an038foto', 'image', '', 'jpg', '', '', '2015-07-30 01:40:59'),
(177, '177_an038.jpg', 'an038', 'image', '', 'jpg', '', '', '2015-07-30 01:40:59'),
(178, '178_39.jpg', '39', 'image', '', 'jpg', '', '', '2015-07-30 01:41:55'),
(179, '179_an039foto.jpg', 'an039foto', 'image', '', 'jpg', '', '', '2015-07-30 01:41:55'),
(180, '180_an039.jpg', 'an039', 'image', '', 'jpg', '', '', '2015-07-30 01:41:55'),
(181, '181_40.jpg', '40', 'image', '', 'jpg', '', '', '2015-07-30 01:42:48'),
(182, '182_an040foto.jpg', 'an040foto', 'image', '', 'jpg', '', '', '2015-07-30 01:42:48'),
(183, '183_an040.jpg', 'an040', 'image', '', 'jpg', '', '', '2015-07-30 01:42:48'),
(184, '184_41.jpg', '41', 'image', '', 'jpg', '', '', '2015-07-30 01:43:43'),
(185, '185_an041foto.jpg', 'an041foto', 'image', '', 'jpg', '', '', '2015-07-30 01:43:43'),
(186, '186_an041.jpg', 'an041', 'image', '', 'jpg', '', '', '2015-07-30 01:43:43'),
(187, '187_42.jpg', '42', 'image', '', 'jpg', '', '', '2015-07-30 01:44:32'),
(188, '188_an042foto.jpg', 'an042foto', 'image', '', 'jpg', '', '', '2015-07-30 01:44:32'),
(189, '189_an042.jpg', 'an042', 'image', '', 'jpg', '', '', '2015-07-30 01:44:32'),
(190, '190_43.jpg', '43', 'image', '', 'jpg', '', '', '2015-07-30 01:45:23'),
(191, '191_an043foto.jpg', 'an043foto', 'image', '', 'jpg', '', '', '2015-07-30 01:45:23'),
(192, '192_an043.jpg', 'an043', 'image', '', 'jpg', '', '', '2015-07-30 01:45:23'),
(193, '193_44.jpg', '44', 'image', '', 'jpg', '', '', '2015-07-30 01:46:59'),
(194, '194_an044foto.jpg', 'an044foto', 'image', '', 'jpg', '', '', '2015-07-30 01:46:59'),
(195, '195_an044.jpg', 'an044', 'image', '', 'jpg', '', '', '2015-07-30 01:46:59'),
(196, '196_45.jpg', '45', 'image', '', 'jpg', '', '', '2015-07-30 01:47:40'),
(197, '197_an045foto.jpg', 'an045foto', 'image', '', 'jpg', '', '', '2015-07-30 01:47:40'),
(198, '198_an045.jpg', 'an045', 'image', '', 'jpg', '', '', '2015-07-30 01:47:40'),
(199, '199_46.jpg', '46', 'image', '', 'jpg', '', '', '2015-07-30 01:48:16'),
(200, '200_an046foto.jpg', 'an046foto', 'image', '', 'jpg', '', '', '2015-07-30 01:48:16'),
(201, '201_an046.jpg', 'an046', 'image', '', 'jpg', '', '', '2015-07-30 01:48:16'),
(203, '203_an047foto.jpg', 'an047foto', 'image', '', 'jpg', '', '', '2015-07-30 01:49:30'),
(204, '204_an047.jpg', 'an047', 'image', '', 'jpg', '', '', '2015-07-30 01:49:30'),
(699, '699_AN_048_-_planta.jpg', 'AN 048 - planta', 'image', '', 'jpg', '', '', '2016-06-14 11:00:44'),
(206, '206_an048foto.jpg', 'an048foto', 'image', '', 'jpg', '', '', '2015-07-30 01:50:14'),
(207, '207_an048.jpg', 'an048', 'image', '', 'jpg', '', '', '2015-07-30 01:50:14'),
(693, '693_AN_049_-_planta.jpg', 'AN 049 - planta', 'image', '', 'jpg', '', '', '2016-06-14 10:28:03'),
(209, '209_an049foto.jpg', 'an049foto', 'image', '', 'jpg', '', '', '2015-07-30 01:51:48'),
(210, '210_an049.jpg', 'an049', 'image', '', 'jpg', '', '', '2015-07-30 01:51:48'),
(708, '708_AN_051_-_planta.jpg', 'AN 051 - planta', 'image', '', 'jpg', '', '', '2016-06-21 09:40:11'),
(212, '212_an050.jpg', 'an050', 'image', '', 'jpg', '', '', '2015-07-30 01:52:40'),
(213, '213_an050.jpg', 'an050', 'image', '', 'jpg', '', '', '2015-07-30 01:52:40'),
(214, '214_51.jpg', '51', 'image', '', 'jpg', '', '', '2015-07-30 01:53:20'),
(215, '215_an051foto.jpg', 'an051foto', 'image', '', 'jpg', '', '', '2015-07-30 01:53:20'),
(216, '216_an051.jpg', 'an051', 'image', '', 'jpg', '', '', '2015-07-30 01:53:20'),
(686, '686_AN_052_-_planta.jpg', 'AN 052 - planta', 'image', '', 'jpg', '', '', '2016-06-13 17:36:46'),
(218, '218_an052foto.jpg', 'an052foto', 'image', '', 'jpg', '', '', '2015-07-30 01:55:08'),
(219, '219_an052.jpg', 'an052', 'image', '', 'jpg', '', '', '2015-07-30 01:55:08'),
(684, '684_AN_053_-_01A.jpg', 'AN 053 - 01A', 'image', '', 'jpg', '', '', '2016-06-13 16:47:29'),
(221, '221_an053foto.jpg', 'an053foto', 'image', '', 'jpg', '', '', '2015-07-30 01:55:45'),
(222, '222_an053.jpg', 'an053', 'image', '', 'jpg', '', '', '2015-07-30 01:55:45'),
(675, '675_AN_054_-_portada.jpg', 'AN 054 - portada', 'image', '', 'jpg', '', '', '2016-06-13 16:06:27'),
(224, '224_an054foto.jpg', 'an054foto', 'image', '', 'jpg', '', '', '2015-07-30 01:56:25'),
(225, '225_an054.jpg', 'an054', 'image', '', 'jpg', '', '', '2015-07-30 01:56:25'),
(668, '668_AN_055_-_planta.jpg', 'AN 055 - planta', 'image', '', 'jpg', '', '', '2016-06-13 11:31:09'),
(227, '227_an055foto.jpg', 'an055foto', 'image', '', 'jpg', '', '', '2015-07-30 01:57:00'),
(228, '228_an054.jpg', 'an054', 'image', '', 'jpg', '', '', '2015-07-30 01:57:00'),
(229, '229_an055.jpg', 'an055', 'image', '', 'jpg', '', '', '2015-07-30 01:57:00'),
(230, '230_56.jpg', '56', 'image', '', 'jpg', '', '', '2015-07-30 01:58:52'),
(231, '231_an056foto.jpg', 'an056foto', 'image', '', 'jpg', '', '', '2015-07-30 01:58:52'),
(232, '232_an056.jpg', 'an056', 'image', '', 'jpg', '', '', '2015-07-30 01:58:52'),
(660, '660_AN_057_plantajpg.jpg', 'AN 057 plantajpg', 'image', '', 'jpg', '', '', '2016-05-06 16:16:51'),
(234, '234_an057foto.jpg', 'an057foto', 'image', '', 'jpg', '', '', '2015-07-30 01:59:28'),
(235, '235_an057.jpg', 'an057', 'image', '', 'jpg', '', '', '2015-07-30 01:59:28'),
(236, '236_58.jpg', '58', 'image', '', 'jpg', '', '', '2015-07-30 02:00:21'),
(237, '237_an058foto.jpg', 'an058foto', 'image', '', 'jpg', '', '', '2015-07-30 02:00:21'),
(238, '238_an058.jpg', 'an058', 'image', '', 'jpg', '', '', '2015-07-30 02:00:21'),
(654, '654_AN_059_plano_pag.jpg', 'AN 059 plano pag', 'image', '', 'jpg', '', '', '2016-04-21 17:29:13'),
(240, '240_an059foto.jpg', 'an059foto', 'image', '', 'jpg', '', '', '2015-07-30 02:00:55'),
(241, '241_an059.jpg', 'an059', 'image', '', 'jpg', '', '', '2015-07-30 02:00:55'),
(649, '649_AN_060_portada_.jpg', 'AN 060 portada ', 'image', '', 'jpg', '', '', '2016-04-21 16:54:01'),
(243, '243_an060foto.jpg', 'an060foto', 'image', '', 'jpg', '', '', '2015-07-30 02:01:30'),
(244, '244_an060.jpg', 'an060', 'image', '', 'jpg', '', '', '2015-07-30 02:01:30'),
(645, '645_AN_061_plano_pag.jpg', 'AN 061 plano pag', 'image', '', 'jpg', '', '', '2016-04-20 17:24:22'),
(246, '246_an061foto.jpg', 'an061foto', 'image', '', 'jpg', '', '', '2015-07-30 02:02:03'),
(247, '247_an061.jpg', 'an061', 'image', '', 'jpg', '', '', '2015-07-30 02:02:03'),
(639, '639_AN_062_portada.jpg', 'AN 062 portada', 'image', '', 'jpg', '', '', '2016-04-20 16:56:12'),
(249, '249_an062foto.jpg', 'an062foto', 'image', '', 'jpg', '', '', '2015-07-30 02:02:35'),
(250, '250_an062.jpg', 'an062', 'image', '', 'jpg', '', '', '2015-07-30 02:02:35'),
(632, '632_AN_063_plano_pag.jpg', 'AN 063 plano pag', 'image', '', 'jpg', '', '', '2016-04-20 15:41:32'),
(252, '252_an063foto.jpg', 'an063foto', 'image', '', 'jpg', '', '', '2015-07-30 02:03:10'),
(253, '253_an063.jpg', 'an063', 'image', '', 'jpg', '', '', '2015-07-30 02:03:10'),
(254, '254_64.jpg', '64', 'image', '', 'jpg', '', '', '2015-07-30 02:03:45'),
(255, '255_an064foto.jpg', 'an064foto', 'image', '', 'jpg', '', '', '2015-07-30 02:03:45'),
(256, '256_an064.jpg', 'an064', 'image', '', 'jpg', '', '', '2015-07-30 02:03:45'),
(625, '625_AN_065_plano_pag.jpg', 'AN 065 plano pag', 'image', '', 'jpg', '', '', '2016-04-20 14:45:24'),
(258, '258_an065foto.jpg', 'an065foto', 'image', '', 'jpg', '', '', '2015-07-30 02:04:25'),
(259, '259_an065.jpg', 'an065', 'image', '', 'jpg', '', '', '2015-07-30 02:04:25'),
(260, '260_66.jpg', '66', 'image', '', 'jpg', '', '', '2015-07-30 02:05:01'),
(261, '261_an066foto.jpg', 'an066foto', 'image', '', 'jpg', '', '', '2015-07-30 02:05:01'),
(262, '262_an066.jpg', 'an066', 'image', '', 'jpg', '', '', '2015-07-30 02:05:01'),
(618, '618_AN_067_plano_pag.jpg', 'AN 067 plano pag', 'image', '', 'jpg', '', '', '2016-04-20 12:20:17'),
(264, '264_an067foto.JPG', 'an067foto', 'image', '', 'JPG', '', '', '2015-07-30 02:05:50'),
(265, '265_an067.jpg', 'an067', 'image', '', 'jpg', '', '', '2015-07-30 02:05:50'),
(266, '266_68.jpg', '68', 'image', '', 'jpg', '', '', '2015-07-30 02:06:25'),
(267, '267_an068foto.JPG', 'an068foto', 'image', '', 'JPG', '', '', '2015-07-30 02:06:25'),
(268, '268_an068.jpg', 'an068', 'image', '', 'jpg', '', '', '2015-07-30 02:06:25'),
(612, '612_AN_069_planos_pag.jpg', 'AN 069 planos pag', 'image', '', 'jpg', '', '', '2016-04-19 15:32:49'),
(270, '270_an069foto.jpg', 'an069foto', 'image', '', 'jpg', '', '', '2015-07-30 02:08:07'),
(271, '271_an069.jpg', 'an069', 'image', '', 'jpg', '', '', '2015-07-30 02:08:07'),
(272, '272_70.jpg', '70', 'image', '', 'jpg', '', '', '2015-07-30 02:08:52'),
(273, '273_an070foto.jpg', 'an070foto', 'image', '', 'jpg', '', '', '2015-07-30 02:08:52'),
(274, '274_an070.jpg', 'an070', 'image', '', 'jpg', '', '', '2015-07-30 02:08:52'),
(275, '275_71.jpg', '71', 'image', '', 'jpg', '', '', '2015-07-30 02:09:29'),
(276, '276_an071foto.jpg', 'an071foto', 'image', '', 'jpg', '', '', '2015-07-30 02:09:29'),
(277, '277_an071.jpg', 'an071', 'image', '', 'jpg', '', '', '2015-07-30 02:09:29'),
(290, '290_01.jpg', '01', 'image', '', 'jpg', '', '', '2015-07-30 02:37:01'),
(279, '279_AN_072.jpg', 'AN 072', 'image', '', 'jpg', '', '', '2015-07-30 02:17:00'),
(280, '280_AN_072_plano.jpg', 'AN 072 plano', 'image', '', 'jpg', '', '', '2015-07-30 02:17:00'),
(285, '285_AN_073.jpg', 'AN 073', 'image', '', 'jpg', '', '', '2015-07-30 02:19:34'),
(286, '286_AN_073_plano.jpg', 'AN 073 plano', 'image', '', 'jpg', '', '', '2015-07-30 02:19:34'),
(289, '289_72list.jpg', '72list', 'image', '', 'jpg', '', '', '2015-07-30 02:26:37'),
(288, '288_73list.jpg', '73list', 'image', '', 'jpg', '', '', '2015-07-30 02:26:26'),
(291, '291_ca001foto.jpg', 'ca001foto', 'image', '', 'jpg', '', '', '2015-07-30 02:37:01'),
(292, '292_ca001.jpg', 'ca001', 'image', '', 'jpg', '', '', '2015-07-30 02:37:01'),
(306, '306_05.jpg', '05', 'image', '', 'jpg', '', '', '2015-07-30 02:42:18'),
(294, '294_ca002foto.jpg', 'ca002foto', 'image', '', 'jpg', '', '', '2015-07-30 02:37:43'),
(295, '295_ca002.jpg', 'ca002', 'image', '', 'jpg', '', '', '2015-07-30 02:37:43'),
(296, '296_03.jpg', '03', 'image', '', 'jpg', '', '', '2015-07-30 02:38:40'),
(297, '297_ca003foto.jpg', 'ca003foto', 'image', '', 'jpg', '', '', '2015-07-30 02:38:40'),
(298, '298_ca003.jpg', 'ca003', 'image', '', 'jpg', '', '', '2015-07-30 02:38:40'),
(299, '299_04.jpg', '04', 'image', '', 'jpg', '', '', '2015-07-30 02:39:21'),
(300, '300_ca004foto.jpg', 'ca004foto', 'image', '', 'jpg', '', '', '2015-07-30 02:39:21'),
(301, '301_ca004.jpg', 'ca004', 'image', '', 'jpg', '', '', '2015-07-30 02:39:21'),
(308, '308_ca005.jpg', 'ca005', 'image', '', 'jpg', '', '', '2015-07-30 02:42:18'),
(307, '307_ca005foto.jpg', 'ca005foto', 'image', '', 'jpg', '', '', '2015-07-30 02:42:18'),
(305, '305_02.jpg', '02', 'image', '', 'jpg', '', '', '2015-07-30 02:41:27'),
(309, '309_01.jpg', '01', 'image', '', 'jpg', '', '', '2015-07-30 02:44:58'),
(310, '310_vp001foto.jpg', 'vp001foto', 'image', '', 'jpg', '', '', '2015-07-30 02:44:58'),
(311, '311_vp001.jpg', 'vp001', 'image', '', 'jpg', '', '', '2015-07-30 02:44:58'),
(312, '312_02.jpg', '02', 'image', '', 'jpg', '', '', '2015-07-30 02:45:33'),
(313, '313_vp002foto.jpg', 'vp002foto', 'image', '', 'jpg', '', '', '2015-07-30 02:45:33'),
(314, '314_vp002.jpg', 'vp002', 'image', '', 'jpg', '', '', '2015-07-30 02:45:33'),
(315, '315_01.jpg', '01', 'image', '', 'jpg', '', '', '2015-07-30 02:47:15'),
(316, '316_g001foto.jpg', 'g001foto', 'image', '', 'jpg', '', '', '2015-07-30 02:47:15'),
(317, '317_g001.jpg', 'g001', 'image', '', 'jpg', '', '', '2015-07-30 02:47:15'),
(318, '318_02.jpg', '02', 'image', '', 'jpg', '', '', '2015-07-30 02:47:55'),
(319, '319_g002foto.JPG', 'g002foto', 'image', '', 'JPG', '', '', '2015-07-30 02:47:55'),
(320, '320_g002.jpg', 'g002', 'image', '', 'jpg', '', '', '2015-07-30 02:47:55'),
(321, '321_03.jpg', '03', 'image', '', 'jpg', '', '', '2015-07-30 02:48:27'),
(322, '322_g003foto.JPG', 'g003foto', 'image', '', 'JPG', '', '', '2015-07-30 02:48:27'),
(323, '323_g003.jpg', 'g003', 'image', '', 'jpg', '', '', '2015-07-30 02:48:27'),
(324, '324_01.jpg', '01', 'image', '', 'jpg', '', '', '2015-07-30 02:50:22'),
(325, '325_01.jpg', '01', 'image', '', 'jpg', '', '', '2015-07-30 02:50:22'),
(326, '326_boxes.jpg', 'boxes', 'image', '', 'jpg', '', '', '2015-07-30 02:50:22'),
(328, '328_informeespecial.jpg', 'informeespecial', 'image', '', 'jpg', '', '', '2015-07-30 03:11:13'),
(329, '329_02.jpg', '02', 'image', '', 'jpg', '', '', '2015-07-30 03:12:18'),
(330, '330_lanacion_1dic1994.jpg', 'lanacion_1dic1994', 'image', '', 'jpg', '', '', '2015-07-30 03:12:18'),
(331, '331_03.jpg', '03', 'image', '', 'jpg', '', '', '2015-07-30 03:13:25'),
(332, '332_03_1024.jpg', '03_1024', 'image', '', 'jpg', '', '', '2015-07-30 03:13:25'),
(333, '333_04.jpg', '04', 'image', '', 'jpg', '', '', '2015-07-30 03:15:45'),
(334, '334_lanacion_15nov1995.jpg', 'lanacion_15nov1995', 'image', '', 'jpg', '', '', '2015-07-30 03:15:45'),
(335, '335_05.jpg', '05', 'image', '', 'jpg', '', '', '2015-07-30 03:17:29'),
(336, '336_lanacion_oct1996.jpg', 'lanacion_oct1996', 'image', '', 'jpg', '', '', '2015-07-30 03:17:29'),
(337, '337_06.jpg', '06', 'image', '', 'jpg', '', '', '2015-07-30 03:18:30'),
(338, '338_lanacion_1jun1997.jpg', 'lanacion_1jun1997', 'image', '', 'jpg', '', '', '2015-07-30 03:18:30'),
(339, '339_07.jpg', '07', 'image', '', 'jpg', '', '', '2015-07-30 03:20:07'),
(340, '340_08_800.jpg', '08_800', 'image', '', 'jpg', '', '', '2015-07-30 03:20:07'),
(341, '341_08.jpg', '08', 'image', '', 'jpg', '', '', '2015-07-30 03:20:50'),
(342, '342_09_1024.jpg', '09_1024', 'image', '', 'jpg', '', '', '2015-07-30 03:20:50'),
(343, '343_09.jpg', '09', 'image', '', 'jpg', '', '', '2015-07-30 03:21:48'),
(344, '344_lanacion_julio1995.jpg', 'lanacion_julio1995', 'image', '', 'jpg', '', '', '2015-07-30 03:21:48'),
(345, '345_10.jpg', '10', 'image', '', 'jpg', '', '', '2015-07-30 03:22:45'),
(346, '346_lanacion_18jul1998.jpg', 'lanacion_18jul1998', 'image', '', 'jpg', '', '', '2015-07-30 03:22:45'),
(347, '347_11.jpg', '11', 'image', '', 'jpg', '', '', '2015-07-30 03:23:47'),
(348, '348_12_800.jpg', '12_800', 'image', '', 'jpg', '', '', '2015-07-30 03:23:47'),
(349, '349_12.jpg', '12', 'image', '', 'jpg', '', '', '2015-07-30 03:24:43'),
(350, '350_lanacion_3ago1998.jpg', 'lanacion_3ago1998', 'image', '', 'jpg', '', '', '2015-07-30 03:24:43'),
(351, '351_13.jpg', '13', 'image', '', 'jpg', '', '', '2015-07-30 03:29:34'),
(352, '352_lanacion_mzo1999.jpg', 'lanacion_mzo1999', 'image', '', 'jpg', '', '', '2015-07-30 03:29:34'),
(353, '353_14.jpg', '14', 'image', '', 'jpg', '', '', '2015-07-30 03:35:39'),
(354, '354_15_800.jpg', '15_800', 'image', '', 'jpg', '', '', '2015-07-30 03:35:39'),
(355, '355_16.jpg', '16', 'image', '', 'jpg', '', '', '2015-07-30 03:40:09'),
(356, '356_17_800.jpg', '17_800', 'image', '', 'jpg', '', '', '2015-07-30 03:40:09'),
(357, '357_17.jpg', '17', 'image', '', 'jpg', '', '', '2015-07-30 03:41:17'),
(358, '358_lanacion_6ene2001.jpg', 'lanacion_6ene2001', 'image', '', 'jpg', '', '', '2015-07-30 03:41:17'),
(359, '359_18.jpg', '18', 'image', '', 'jpg', '', '', '2015-07-30 03:42:21'),
(360, '360_lanacion_14abr2001.jpg', 'lanacion_14abr2001', 'image', '', 'jpg', '', '', '2015-07-30 03:42:21'),
(361, '361_19.jpg', '19', 'image', '', 'jpg', '', '', '2015-07-30 03:50:21'),
(362, '362_20_1024.jpg', '20_1024', 'image', '', 'jpg', '', '', '2015-07-30 03:50:21'),
(363, '363_20.jpg', '20', 'image', '', 'jpg', '', '', '2015-07-30 03:51:32'),
(364, '364_lanacion_7julio2001.jpg', 'lanacion_7julio2001', 'image', '', 'jpg', '', '', '2015-07-30 03:51:32'),
(365, '365_21.jpg', '21', 'image', '', 'jpg', '', '', '2015-07-30 03:52:25'),
(366, '366_lanacion_13ene2001.jpg', 'lanacion_13ene2001', 'image', '', 'jpg', '', '', '2015-07-30 03:52:25'),
(367, '367_22.jpg', '22', 'image', '', 'jpg', '', '', '2015-07-30 03:54:13'),
(368, '368_lanacion_29junio2002.jpg', 'lanacion_29junio2002', 'image', '', 'jpg', '', '', '2015-07-30 03:54:13'),
(369, '369_23.jpg', '23', 'image', '', 'jpg', '', '', '2015-07-30 03:55:00'),
(370, '370_24_800.jpg', '24_800', 'image', '', 'jpg', '', '', '2015-07-30 03:55:00'),
(371, '371_24.jpg', '24', 'image', '', 'jpg', '', '', '2015-07-30 03:55:54'),
(372, '372_25_800.jpg', '25_800', 'image', '', 'jpg', '', '', '2015-07-30 03:55:54'),
(373, '373_25.jpg', '25', 'image', '', 'jpg', '', '', '2015-07-30 03:56:55'),
(374, '374_lanacion_14sept2002.jpg', 'lanacion_14sept2002', 'image', '', 'jpg', '', '', '2015-07-30 03:56:55'),
(375, '375_26.jpg', '26', 'image', '', 'jpg', '', '', '2015-07-30 03:57:43'),
(376, '376_lanacion_2nov2002.jpg', 'lanacion_2nov2002', 'image', '', 'jpg', '', '', '2015-07-30 03:57:43'),
(377, '377_27.jpg', '27', 'image', '', 'jpg', '', '', '2015-07-30 03:58:46'),
(378, '378_infobae_28nov2002.jpg', 'infobae_28nov2002', 'image', '', 'jpg', '', '', '2015-07-30 03:58:46'),
(379, '379_28.jpg', '28', 'image', '', 'jpg', '', '', '2015-07-30 03:59:41'),
(380, '380_lanacion_1mzo2003.jpg', 'lanacion_1mzo2003', 'image', '', 'jpg', '', '', '2015-07-30 03:59:41'),
(381, '381_29.jpg', '29', 'image', '', 'jpg', '', '', '2015-07-30 04:00:33'),
(382, '382_infobae13mzo2003.jpg', 'infobae13mzo2003', 'image', '', 'jpg', '', '', '2015-07-30 04:00:33'),
(383, '383_30.jpg', '30', 'image', '', 'jpg', '', '', '2015-07-30 04:02:19'),
(384, '384_infobae30mzo2003a.jpg', 'infobae30mzo2003a', 'image', '', 'jpg', '', '', '2015-07-30 04:02:19'),
(385, '385_31.jpg', '31', 'image', '', 'jpg', '', '', '2015-07-30 04:03:35'),
(386, '386_infobae14mzo2003b.jpg', 'infobae14mzo2003b', 'image', '', 'jpg', '', '', '2015-07-30 04:03:35'),
(387, '387_31.jpg', '31', 'image', '', 'jpg', '', '', '2015-07-30 04:03:36'),
(388, '388_infobae14mzo2003b.jpg', 'infobae14mzo2003b', 'image', '', 'jpg', '', '', '2015-07-30 04:03:36'),
(389, '389_32.jpg', '32', 'image', '', 'jpg', '', '', '2015-07-30 04:05:38'),
(390, '390_infobae14mzo2003a.jpg', 'infobae14mzo2003a', 'image', '', 'jpg', '', '', '2015-07-30 04:05:38'),
(391, '391_33.jpg', '33', 'image', '', 'jpg', '', '', '2015-07-30 04:06:32'),
(392, '392_clarin_06sept2003.jpg', 'clarin_06sept2003', 'image', '', 'jpg', '', '', '2015-07-30 04:06:32'),
(393, '393_34.jpg', '34', 'image', '', 'jpg', '', '', '2015-07-30 04:07:30'),
(394, '394_lanacion29112003.jpg', 'lanacion29112003', 'image', '', 'jpg', '', '', '2015-07-30 04:07:30'),
(395, '395_35.jpg', '35', 'image', '', 'jpg', '', '', '2015-07-30 04:09:03'),
(396, '396_infobae15oct2003.jpg', 'infobae15oct2003', 'image', '', 'jpg', '', '', '2015-07-30 04:09:03'),
(397, '397_36.jpg', '36', 'image', '', 'jpg', '', '', '2015-07-30 04:09:52'),
(398, '398_lanacion310704.jpg', 'lanacion310704', 'image', '', 'jpg', '', '', '2015-07-30 04:09:52'),
(399, '399_39.jpg', '39', 'image', '', 'jpg', '', '', '2015-07-30 04:13:18'),
(400, '400_plussatel140605.jpg', 'plussatel140605', 'image', '', 'jpg', '', '', '2015-07-30 04:13:18'),
(401, '401_39.jpg', '39', 'image', '', 'jpg', '', '', '2015-07-30 04:14:07'),
(402, '402_plussatel140605.jpg', 'plussatel140605', 'image', '', 'jpg', '', '', '2015-07-30 04:14:07'),
(403, '403_37.jpg', '37', 'image', '', 'jpg', '', '', '2015-07-30 04:15:53'),
(404, '404_La_Nacion_190806.jpg', 'La_Nacion_190806', 'image', '', 'jpg', '', '', '2015-07-30 04:15:53'),
(405, '405_38.jpg', '38', 'image', '', 'jpg', '', '', '2015-07-30 04:17:11'),
(406, '406_La_Nacion_300906.jpg', 'La_Nacion_300906', 'image', '', 'jpg', '', '', '2015-07-30 04:17:11'),
(407, '407_40.jpg', '40', 'image', '', 'jpg', '', '', '2015-07-30 04:18:32'),
(408, '408_La_Nacion_160906.jpg', 'La_Nacion_160906', 'image', '', 'jpg', '', '', '2015-07-30 04:18:32'),
(409, '409_41.jpg', '41', 'image', '', 'jpg', '', '', '2015-07-30 04:19:25'),
(410, '410_La_Nacion_2007.jpg', 'La_Nacion_2007', 'image', '', 'jpg', '', '', '2015-07-30 04:19:25'),
(411, '411_42.jpg', '42', 'image', '', 'jpg', '', '', '2015-07-30 04:20:16'),
(412, '412_La_Nacion_2008_05.jpg', 'La_Nacion_2008_05', 'image', '', 'jpg', '', '', '2015-07-30 04:20:16'),
(413, '413_44.jpg', '44', 'image', '', 'jpg', '', '', '2015-07-30 04:21:24'),
(414, '414_La_Nacion_2009enero.gif', 'La_Nacion_2009enero', 'image', '', 'gif', '', '', '2015-07-30 04:21:24'),
(415, '415_45.jpg', '45', 'image', '', 'jpg', '', '', '2015-07-30 04:22:56'),
(416, '416_La_Nacion_febrero2009.jpg', 'La_Nacion_febrero2009', 'image', '', 'jpg', '', '', '2015-07-30 04:22:56'),
(417, '417_46.jpg', '46', 'image', '', 'jpg', '', '', '2015-07-30 04:24:13'),
(418, '418_La_Nacion_febrero20092.jpg', 'La_Nacion_febrero20092', 'image', '', 'jpg', '', '', '2015-07-30 04:24:13'),
(419, '419_47.jpg', '47', 'image', '', 'jpg', '', '', '2015-07-30 04:28:29'),
(420, '420_LANACION_JULIO_09.jpg', 'LANACION_JULIO_09', 'image', '', 'jpg', '', '', '2015-07-30 04:28:29'),
(421, '421_48.jpg', '48', 'image', '', 'jpg', '', '', '2015-07-30 04:29:29'),
(422, '422_la_nacion_oct_03.jpg', 'la_nacion_oct_03', 'image', '', 'jpg', '', '', '2015-07-30 04:29:29'),
(423, '423_49.jpg', '49', 'image', '', 'jpg', '', '', '2015-07-30 04:30:56'),
(424, '424_la_nacion_oct_003.jpg', 'la_nacion_oct_003', 'image', '', 'jpg', '', '', '2015-07-30 04:30:56'),
(425, '425_50.jpg', '50', 'image', '', 'jpg', '', '', '2015-07-30 04:33:32'),
(426, '426_asd.jpg', 'asd', 'image', '', 'jpg', '', '', '2015-07-30 04:33:32'),
(427, '427_51.jpg', '51', 'image', '', 'jpg', '', '', '2015-07-30 04:38:14'),
(428, '428_qwe.jpg', 'qwe', 'image', '', 'jpg', '', '', '2015-07-30 04:38:14'),
(434, '434_logoAM.jpg', 'logoAM', 'image', '', 'jpg', '', '', '2015-07-30 05:22:03'),
(430, '430_qwe.jpg', 'qwe', 'image', '', 'jpg', '', '', '2015-07-30 04:39:33'),
(431, '431_53.jpg', '53', 'image', '', 'jpg', '', '', '2015-07-30 04:40:25'),
(432, '432_qwee1.jpg', 'qwee1', 'image', '', 'jpg', '', '', '2015-07-30 04:40:25'),
(433, '433_52.jpg', '52', 'image', '', 'jpg', '', '', '2015-07-30 04:41:12'),
(435, '435_decapiazza.jpg', 'decapiazza', 'image', '', 'jpg', '', '', '2015-07-30 05:22:27'),
(436, '436_longvie.jpg', 'longvie', 'image', '', 'jpg', '', '', '2015-07-30 05:22:49'),
(437, '437_latercer.jpg', 'latercer', 'image', '', 'jpg', '', '', '2015-07-30 05:23:14'),
(438, '438_polimex.jpg', 'polimex', 'image', '', 'jpg', '', '', '2015-07-30 05:24:00'),
(439, '439_caldaia.jpg', 'caldaia', 'image', '', 'jpg', '', '', '2015-07-30 05:24:24'),
(440, '440_siderar.jpg', 'siderar', 'image', '', 'jpg', '', '', '2015-07-30 05:24:43'),
(441, '441_hydro.jpg', 'hydro', 'image', '', 'jpg', '', '', '2015-07-30 05:25:13'),
(442, '442_lomanegra.jpg', 'lomanegra', 'image', '', 'jpg', '', '', '2015-07-30 05:25:42'),
(443, '443_csanlorenzo.jpg', 'csanlorenzo', 'image', '', 'jpg', '', '', '2015-07-30 05:26:05'),
(444, '444_giacomini.jpg', 'giacomini', 'image', '', 'jpg', '', '', '2015-07-30 05:26:31'),
(445, '445_alba.jpg', 'alba', 'image', '', 'jpg', '', '', '2015-07-30 05:26:53'),
(446, '446_klaukol.jpg', 'klaukol', 'image', '', 'jpg', '', '', '2015-07-30 05:27:13'),
(465, '465_81Yj9LfngaL._SL1425_.jpg', '81Yj9LfngaL._SL1425_', 'image', '', 'jpg', '', '', '2015-11-14 16:05:01'),
(525, '525_AN072.jpg', 'AN072', 'image', '', 'jpg', '', '', '2016-04-11 14:06:06'),
(513, '513_AN072.jpg', 'AN072', 'image', '', 'jpg', '', '', '2016-04-11 13:57:42'),
(514, '514_AN072.jpg', 'AN072', 'image', '', 'jpg', '', '', '2016-04-11 13:58:15'),
(515, '515_AN072.jpg', 'AN072', 'image', '', 'jpg', '', '', '2016-04-11 13:59:43'),
(455, '455_81Yj9LfngaL._SL1425_.jpg', '81Yj9LfngaL._SL1425_', 'image', '', 'jpg', '', '', '2015-11-10 19:22:06'),
(503, '503_LOGO-TROMEN.jpg', 'LOGO-TROMEN', 'image', '', 'jpg', '', '', '2015-11-26 11:49:32'),
(462, '462_81Yj9LfngaL._SL1425_.jpg', '81Yj9LfngaL._SL1425_', 'image', '', 'jpg', '', '', '2015-11-14 16:02:17'),
(463, '463_81Yj9LfngaL._SL1425_.jpg', '81Yj9LfngaL._SL1425_', 'image', '', 'jpg', '', '', '2015-11-14 16:03:15'),
(466, '466_actividades1.jpg', 'actividades1', 'image', '', 'jpg', '', '', '2015-11-14 16:05:56'),
(467, '467_actividades1.jpg', 'actividades1', 'image', '', 'jpg', '', '', '2015-11-14 16:06:36'),
(504, '504_logo_oblak.jpg', 'logo_oblak', 'image', '', 'jpg', '', '', '2015-11-26 11:52:35'),
(469, '469_tarde_018_-_copia.jpg', 'tarde 018 - copia', 'image', '', 'jpg', '', '', '2015-11-20 00:39:47'),
(470, '470_tarde_018_-_copia.jpg', 'tarde 018 - copia', 'image', '', 'jpg', '', '', '2015-11-20 00:40:04'),
(471, '471_tarde_018_-_copia.jpg', 'tarde 018 - copia', 'image', '', 'jpg', '', '', '2015-11-20 00:40:26'),
(472, '472_tarde_018_-_copia.jpg', 'tarde 018 - copia', 'image', '', 'jpg', '', '', '2015-11-20 00:55:05'),
(473, '473_tarde_018_-_copia.jpg', 'tarde 018 - copia', 'image', '', 'jpg', '', '', '2015-11-20 01:02:01'),
(474, '474_tarde_018_-_copia.jpg', 'tarde 018 - copia', 'image', '', 'jpg', '', '', '2015-11-20 01:02:36'),
(475, '475_tarde_018_-_copia.jpg', 'tarde 018 - copia', 'image', '', 'jpg', '', '', '2015-11-20 01:04:27'),
(476, '476_tarde_018_-_copia.jpg', 'tarde 018 - copia', 'image', '', 'jpg', '', '', '2015-11-20 02:35:10'),
(477, '477_tarde_018_-_copia.jpg', 'tarde 018 - copia', 'image', '', 'jpg', '', '', '2015-11-20 02:35:21'),
(478, '478_tarde_018_-_copia.jpg', 'tarde 018 - copia', 'image', '', 'jpg', '', '', '2015-11-20 03:13:24'),
(482, '482_leaves.jpg', 'leaves', 'image', '', 'jpg', '', '', '2015-11-20 09:47:37'),
(481, '481_leaves.jpg', 'leaves', 'image', '', 'jpg', '', '', '2015-11-20 09:45:25'),
(483, '483_leaves.jpg', 'leaves', 'image', '', 'jpg', '', '', '2015-11-20 09:49:03'),
(484, '484_wave.jpg', 'wave', 'image', '', 'jpg', '', '', '2015-11-20 10:01:50'),
(485, '485_IMG_3869.jpg', 'IMG_3869', 'image', '', 'jpg', '', '', '2015-11-20 10:03:05'),
(486, '486_IMG_4055.jpg', 'IMG_4055', 'image', '', 'jpg', '', '', '2015-11-20 10:06:44'),
(487, '487_IMG_4055.jpg', 'IMG_4055', 'image', '', 'jpg', '', '', '2015-11-20 10:11:40'),
(488, '488_IMG_4055.jpg', 'IMG_4055', 'image', '', 'jpg', '', '', '2015-11-20 10:14:08'),
(489, '489_IMG_4055.jpg', 'IMG_4055', 'image', '', 'jpg', '', '', '2015-11-20 10:16:55'),
(490, '490_IMG_4055.jpg', 'IMG_4055', 'image', '', 'jpg', '', '', '2015-11-20 10:51:55'),
(491, '491_IMG_4055.jpg', 'IMG_4055', 'image', '', 'jpg', '', '', '2015-11-20 10:54:53'),
(492, '492_IMG_3869.jpg', 'IMG_3869', 'image', '', 'jpg', '', '', '2015-11-24 12:25:18'),
(493, '493_IMG_3869.jpg', 'IMG_3869', 'image', '', 'jpg', '', '', '2015-11-24 12:26:00'),
(496, '496_tarde_018_-_copia.jpg', 'tarde 018 - copia', 'image', '', 'jpg', '', '', '2015-11-26 10:41:15'),
(499, '499_casa_giffi_011.jpg', 'casa giffi 011', 'image', '', 'jpg', '', '', '2015-11-26 10:49:31'),
(502, '502_IMG_1355.JPG', 'IMG_1355', 'image', '', 'JPG', '', '', '2015-11-26 11:20:29'),
(651, '651_AN_060_plano_pag.jpg', 'AN 060 plano pag', 'image', '', 'jpg', '', '', '2016-04-21 17:01:33'),
(508, '508_89_an010foto.jpg', '89_an010foto', 'image', '', 'jpg', '', '', '2016-04-04 12:18:09'),
(509, '509_92_an011foto.jpg', '92_an011foto', 'image', '', 'jpg', '', '', '2016-04-04 12:18:30'),
(615, '615_AN_068_planos_pag.jpg', 'AN 068 planos pag', 'image', '', 'jpg', '', '', '2016-04-19 17:30:11'),
(516, '516_AN072.jpg', 'AN072', 'image', '', 'jpg', '', '', '2016-04-11 14:00:04'),
(517, '517_AN072.jpg', 'AN072', 'image', '', 'jpg', '', '', '2016-04-11 14:00:29'),
(518, '518_AN072.jpg', 'AN072', 'image', '', 'jpg', '', '', '2016-04-11 14:01:25'),
(519, '519_AN072.jpg', 'AN072', 'image', '', 'jpg', '', '', '2016-04-11 14:02:36'),
(522, '522_AN072.jpg', 'AN072', 'image', '', 'jpg', '', '', '2016-04-11 14:04:35'),
(521, '521_AN072.jpg', 'AN072', 'image', '', 'jpg', '', '', '2016-04-11 14:03:35'),
(523, '523_AN072.jpg', 'AN072', 'image', '', 'jpg', '', '', '2016-04-11 14:04:39'),
(524, '524_AN072.jpg', 'AN072', 'image', '', 'jpg', '', '', '2016-04-11 14:05:02'),
(526, '526_AN072.jpg', 'AN072', 'image', '', 'jpg', '', '', '2016-04-11 14:06:24'),
(527, '527_AN072.jpg', 'AN072', 'image', '', 'jpg', '', '', '2016-04-11 14:06:25'),
(528, '528_AN072.jpg', 'AN072', 'image', '', 'jpg', '', '', '2016-04-11 14:06:26'),
(529, '529_AN072.jpg', 'AN072', 'image', '', 'jpg', '', '', '2016-04-11 14:06:27'),
(530, '530_AN072.jpg', 'AN072', 'image', '', 'jpg', '', '', '2016-04-11 14:06:29'),
(531, '531_AN072.jpg', 'AN072', 'image', '', 'jpg', '', '', '2016-04-11 14:06:29'),
(532, '532_AN072.jpg', 'AN072', 'image', '', 'jpg', '', '', '2016-04-11 14:06:29'),
(533, '533_AN072.jpg', 'AN072', 'image', '', 'jpg', '', '', '2016-04-11 14:06:30'),
(534, '534_AN072.jpg', 'AN072', 'image', '', 'jpg', '', '', '2016-04-11 14:06:30'),
(535, '535_AN072.jpg', 'AN072', 'image', '', 'jpg', '', '', '2016-04-11 14:06:30'),
(536, '536_AN072.jpg', 'AN072', 'image', '', 'jpg', '', '', '2016-04-11 14:06:30'),
(537, '537_AN072.jpg', 'AN072', 'image', '', 'jpg', '', '', '2016-04-11 14:06:56'),
(542, '542_AN.jpg', 'AN', 'image', '', 'jpg', '', '', '2016-04-11 14:14:11'),
(539, '539_AN.jpg', 'AN', 'image', '', 'jpg', '', '', '2016-04-11 14:07:33'),
(541, '541_AN.png', 'AN', 'image', '', 'png', '', '', '2016-04-11 14:10:03'),
(543, '543_AN.png', 'AN', 'image', '', 'png', '', '', '2016-04-11 14:14:28'),
(561, '561_ANV1.jpg', 'ANV1', 'image', '', 'jpg', '', '', '2016-04-11 16:19:37'),
(545, '545_AN.jpg', 'AN', 'image', '', 'jpg', '', '', '2016-04-11 14:43:46'),
(555, '555_modelo_joaquin-a3_landscape.jpg', 'modelo joaquin-a3 landscape', 'image', '', 'jpg', '', '', '2016-04-11 16:05:08'),
(599, '599_AN_72_plano_pag.jpg', 'AN 72 plano pag', 'image', '', 'jpg', '', '', '2016-04-19 12:42:03'),
(554, '554_-_AN_002_(PIRILO).jpg', '- AN 002 (PIRILO)', 'image', '', 'jpg', '', '', '2016-04-11 16:04:39'),
(556, '556_-_AN_001_(DIANA).jpg', '- AN 001 (DIANA)', 'image', '', 'jpg', '', '', '2016-04-11 16:09:09'),
(557, '557_AN1.jpg', 'AN1', 'image', '', 'jpg', '', '', '2016-04-11 16:10:40'),
(569, '569_portada_74_2.jpg', 'portada 74 2', 'image', '', 'jpg', '', '', '2016-04-15 16:57:02'),
(570, '570_panizca_portada.jpg', 'panizca portada', 'image', '', 'jpg', '', '', '2016-04-15 17:08:51'),
(573, '573_AN_076_portada.jpg', 'AN 076 portada', 'image', '', 'jpg', '', '', '2016-04-18 16:11:16'),
(575, '575_AN_076_plano.jpg', 'AN 076 plano', 'image', '', 'jpg', '', '', '2016-04-18 16:32:23'),
(574, '574_AN_076_plano.jpg', 'AN 076 plano', 'image', '', 'jpg', '', '', '2016-04-18 16:32:06'),
(578, '578_AN_076_-02__copia.jpg', 'AN 076 -02  copia', 'image', '', 'jpg', '', '', '2016-04-18 16:35:49'),
(577, '577_an_76_planoi.jpg', 'an 76 planoi', 'image', '', 'jpg', '', '', '2016-04-18 16:35:36'),
(580, '580_AN_74_-_01_copia.jpg', 'AN 74 - 01 copia', 'image', '', 'jpg', '', '', '2016-04-18 16:38:13'),
(581, '581_AN_75_plano_pag.jpg', 'AN 75 plano pag', 'image', '', 'jpg', '', '', '2016-04-18 17:09:57'),
(582, '582_AN_075_-02.jpg', 'AN 075 -02', 'image', '', 'jpg', '', '', '2016-04-18 17:10:07'),
(583, '583_AN_075_-01.jpg', 'AN 075 -01', 'image', '', 'jpg', '', '', '2016-04-18 17:10:17'),
(584, '584_AN_074_planos_pag.jpg', 'AN 074 planos pag', 'image', '', 'jpg', '', '', '2016-04-18 17:29:21'),
(590, '590_AN_074_-02.jpg', 'AN 074 -02', 'image', '', 'jpg', '', '', '2016-04-18 17:38:26'),
(592, '592_AN_074_-02.jpg', 'AN 074 -02', 'image', '', 'jpg', '', '', '2016-04-18 17:39:44'),
(589, '589_AN_074_-02.jpg', 'AN 074 -02', 'image', '', 'jpg', '', '', '2016-04-18 17:37:57'),
(593, '593_AN_074_-03.jpg', 'AN 074 -03', 'image', '', 'jpg', '', '', '2016-04-18 17:41:06'),
(594, '594_AN_074_-04.jpg', 'AN 074 -04', 'image', '', 'jpg', '', '', '2016-04-18 17:41:57'),
(595, '595_AN_074_-01.jpg', 'AN 074 -01', 'image', '', 'jpg', '', '', '2016-04-18 17:42:18'),
(596, '596_AN_073_plano.jpg', 'AN 073 plano', 'image', '', 'jpg', '', '', '2016-04-19 09:26:46'),
(597, '597_AN_073_plano_pag.jpg', 'AN 073 plano pag', 'image', '', 'jpg', '', '', '2016-04-19 12:37:03'),
(598, '598_AN_073.jpg', 'AN 073', 'image', '', 'jpg', '', '', '2016-04-19 12:37:16'),
(600, '600_AN_072.jpg', 'AN 072', 'image', '', 'jpg', '', '', '2016-04-19 12:42:10'),
(601, '601_AN_071_plano_pag.jpg', 'AN 071 plano pag', 'image', '', 'jpg', '', '', '2016-04-19 14:29:39'),
(602, '602_AN_071_-02.jpg', 'AN 071 -02', 'image', '', 'jpg', '', '', '2016-04-19 14:29:47'),
(603, '603_AN_071_-01.jpg', 'AN 071 -01', 'image', '', 'jpg', '', '', '2016-04-19 14:29:55'),
(604, '604_AN_070_plano_pag.jpg', 'AN 070 plano pag', 'image', '', 'jpg', '', '', '2016-04-19 14:52:00'),
(611, '611_AN_069_-01portada_copia.jpg', 'AN 069 -01portada copia', 'image', '', 'jpg', '', '', '2016-04-19 15:32:24'),
(610, '610_AN_070_-01.jpg', 'AN 070 -01', 'image', '', 'jpg', '', '', '2016-04-19 15:04:16'),
(609, '609_AN_070_-02.jpg', 'AN 070 -02', 'image', '', 'jpg', '', '', '2016-04-19 15:04:10'),
(608, '608_AN_070_-03.jpg', 'AN 070 -03', 'image', '', 'jpg', '', '', '2016-04-19 15:04:05'),
(613, '613_AN_069_-02.jpg', 'AN 069 -02', 'image', '', 'jpg', '', '', '2016-04-19 15:32:57'),
(614, '614_AN_69_-01.jpg', 'AN 69 -01', 'image', '', 'jpg', '', '', '2016-04-19 15:33:04'),
(616, '616_AN_068_-01.jpg', 'AN 068 -01', 'image', '', 'jpg', '', '', '2016-04-19 17:30:19'),
(617, '617_AN_067_-portada.jpg', 'AN 067 -portada', 'image', '', 'jpg', '', '', '2016-04-20 12:19:54'),
(619, '619_AN_067_-01.jpg', 'AN 067 -01', 'image', '', 'jpg', '', '', '2016-04-20 12:20:23'),
(620, '620_AN_066_plano_pag.jpg', 'AN 066 plano pag', 'image', '', 'jpg', '', '', '2016-04-20 12:41:56'),
(621, '621_AN_066_-02.jpg', 'AN 066 -02', 'image', '', 'jpg', '', '', '2016-04-20 12:42:01'),
(624, '624_AN_065_portada.jpg', 'AN 065 portada', 'image', '', 'jpg', '', '', '2016-04-20 14:44:52'),
(623, '623_AN_066_-01.jpg', 'AN 066 -01', 'image', '', 'jpg', '', '', '2016-04-20 12:45:17'),
(626, '626_AN_065_-01.jpg', 'AN 065 -01', 'image', '', 'jpg', '', '', '2016-04-20 14:45:31'),
(627, '627_AN_065_-02.jpg', 'AN 065 -02', 'image', '', 'jpg', '', '', '2016-04-20 14:45:38'),
(628, '628_AN_064_plano_pag.jpg', 'AN 064 plano pag', 'image', '', 'jpg', '', '', '2016-04-20 15:20:40'),
(629, '629_AN_064_-02.jpg', 'AN 064 -02', 'image', '', 'jpg', '', '', '2016-04-20 15:20:46'),
(630, '630_AN_064_-01.jpg', 'AN 064 -01', 'image', '', 'jpg', '', '', '2016-04-20 15:20:52'),
(631, '631_AN_063_portada.jpg', 'AN 063 portada', 'image', '', 'jpg', '', '', '2016-04-20 15:40:47'),
(633, '633_AN_063_-03.jpg', 'AN 063 -03', 'image', '', 'jpg', '', '', '2016-04-20 15:41:39'),
(634, '634_AN_063_-03.jpg', 'AN 063 -03', 'image', '', 'jpg', '', '', '2016-04-20 15:42:20'),
(635, '635_AN_063_-03.jpg', 'AN 063 -03', 'image', '', 'jpg', '', '', '2016-04-20 15:50:20'),
(636, '636_AN_063_-02.jpg', 'AN 063 -02', 'image', '', 'jpg', '', '', '2016-04-20 15:50:26'),
(637, '637_AN_063_-01.jpg', 'AN 063 -01', 'image', '', 'jpg', '', '', '2016-04-20 15:50:32'),
(640, '640_AN_062_plano_pag.jpg', 'AN 062 plano pag', 'image', '', 'jpg', '', '', '2016-04-20 16:56:32'),
(641, '641_AN_062_-02_.jpg', 'AN 062 -02 ', 'image', '', 'jpg', '', '', '2016-04-20 16:56:38'),
(643, '643_AN_062_-01_copia.jpg', 'AN 062 -01 copia', 'image', '', 'jpg', '', '', '2016-04-20 16:59:14'),
(644, '644_AN_061_portada.jpg', 'AN 061 portada', 'image', '', 'jpg', '', '', '2016-04-20 17:24:05'),
(646, '646_AN_061_-02_.jpg', 'AN 061 -02 ', 'image', '', 'jpg', '', '', '2016-04-20 17:24:27'),
(647, '647_AN_061_-01.JPG', 'AN 061 -01', 'image', '', 'JPG', '', '', '2016-04-20 17:24:32'),
(652, '652_AN_060_-01.jpg', 'AN 060 -01', 'image', '', 'jpg', '', '', '2016-04-21 17:01:40'),
(653, '653_AN_059_portada_.jpg', 'AN 059 portada ', 'image', '', 'jpg', '', '', '2016-04-21 17:29:01'),
(655, '655_AN_059_-02.jpg', 'AN 059 -02', 'image', '', 'jpg', '', '', '2016-04-21 17:29:19'),
(656, '656_AN_059_-01.jpg', 'AN 059 -01', 'image', '', 'jpg', '', '', '2016-04-21 17:29:25'),
(657, '657_AN_058_plano_pag_.jpg', 'AN 058 plano pag ', 'image', '', 'jpg', '', '', '2016-04-21 17:42:00'),
(658, '658_AN_058_-01.jpg', 'AN 058 -01', 'image', '', 'jpg', '', '', '2016-04-21 17:42:05'),
(659, '659_AN_057_portada.jpg', 'AN 057 portada', 'image', '', 'jpg', '', '', '2016-05-06 16:16:26'),
(661, '661_AN_057_02.jpg', 'AN 057 02', 'image', '', 'jpg', '', '', '2016-05-06 16:16:57'),
(662, '662_AN_057_01.jpg', 'AN 057 01', 'image', '', 'jpg', '', '', '2016-05-06 16:17:03'),
(663, '663_AN_056_-_planta.jpg', 'AN 056 - planta', 'image', '', 'jpg', '', '', '2016-06-13 10:39:51'),
(664, '664_AN_056_-_03.jpg', 'AN 056 - 03', 'image', '', 'jpg', '', '', '2016-06-13 10:39:57'),
(665, '665_AN_056_-_02.JPG', 'AN 056 - 02', 'image', '', 'JPG', '', '', '2016-06-13 10:40:20'),
(666, '666_AN_056_-_01.jpg', 'AN 056 - 01', 'image', '', 'jpg', '', '', '2016-06-13 10:40:26'),
(667, '667_AN_055_-_portada.jpg', 'AN 055 - portada', 'image', '', 'jpg', '', '', '2016-06-13 11:30:55'),
(669, '669_AN_055_-_02.jpg', 'AN 055 - 02', 'image', '', 'jpg', '', '', '2016-06-13 11:31:16'),
(670, '670_AN_055_-_01.jpg', 'AN 055 - 01', 'image', '', 'jpg', '', '', '2016-06-13 11:31:22'),
(671, '671_AN_054_-_planta.jpg', 'AN 054 - planta', 'image', '', 'jpg', '', '', '2016-06-13 15:57:07'),
(672, '672_an_054_-_02.jpg', 'an 054 - 02', 'image', '', 'jpg', '', '', '2016-06-13 15:57:21'),
(677, '677_AN_053_-_portada.jpg', 'AN 053 - portada', 'image', '', 'jpg', '', '', '2016-06-13 16:35:33'),
(676, '676_AN_054_-_01.jpg', 'AN 054 - 01', 'image', '', 'jpg', '', '', '2016-06-13 16:06:44'),
(685, '685_an_052_-_portada.jpg', 'an 052 - portada', 'image', '', 'jpg', '', '', '2016-06-13 17:36:32'),
(680, '680_AN_053_-_planta.jpg', 'AN 053 - planta', 'image', '', 'jpg', '', '', '2016-06-13 16:44:43'),
(683, '683_AN_053_-_02A.jpg', 'AN 053 - 02A', 'image', '', 'jpg', '', '', '2016-06-13 16:47:20'),
(687, '687_AN_052_-_03.jpg', 'AN 052 - 03', 'image', '', 'jpg', '', '', '2016-06-13 17:36:52'),
(688, '688_AN_052_-_02jpg.jpg', 'AN 052 - 02jpg', 'image', '', 'jpg', '', '', '2016-06-13 17:37:00');
INSERT INTO `files` (`file_id`, `file`, `file_name`, `type`, `code`, `ext`, `group`, `file_description`, `date_created`) VALUES
(689, '689_AN_052_-_01.jpg', 'AN 052 - 01', 'image', '', 'jpg', '', '', '2016-06-13 17:37:12'),
(690, '690_AN_050_-_planta.jpg', 'AN 050 - planta', 'image', '', 'jpg', '', '', '2016-06-14 10:06:07'),
(691, '691_AN_050_-_01.jpg', 'AN 050 - 01', 'image', '', 'jpg', '', '', '2016-06-14 10:06:11'),
(712, '712_AN_048_-_portada.jpg', 'AN 048 - portada', 'image', '', 'jpg', '', '', '2016-08-09 17:09:44'),
(694, '694_AN_049_-_02.jpg', 'AN 049 - 02', 'image', '', 'jpg', '', '', '2016-06-14 10:28:08'),
(696, '696_AN_049_-_01.jpg', 'AN 049 - 01', 'image', '', 'jpg', '', '', '2016-06-14 10:31:35'),
(702, '702_AN_048_-_01.jpg', 'AN 048 - 01', 'image', '', 'jpg', '', '', '2016-06-14 11:03:33'),
(701, '701_AN_048_-_02.jpg', 'AN 048 - 02', 'image', '', 'jpg', '', '', '2016-06-14 11:03:28'),
(707, '707_AN_050_-_portada.jpg', 'AN 050 - portada', 'image', '', 'jpg', '', '', '2016-06-21 09:39:02'),
(709, '709_AN_051_-_01.jpg', 'AN 051 - 01', 'image', '', 'jpg', '', '', '2016-06-21 09:40:15'),
(714, '714_AN_047_portada.jpg', 'AN 047 portada', 'image', '', 'jpg', '', '', '2016-08-09 17:43:23'),
(718, '718_AN_047_1.jpg', 'AN 047 1', 'image', '', 'jpg', '', '', '2016-08-09 17:45:37'),
(713, '713_AN_049_-_portada.jpg', 'AN 049 - portada', 'image', '', 'jpg', '', '', '2016-08-09 17:12:53'),
(717, '717_-_AN_047_(BRASCHI).jpg', '- AN 047 (BRASCHI)', 'image', '', 'jpg', '', '', '2016-08-09 17:45:33'),
(719, '719_hd-desktop-technology-wallpaper-backgrounds-for-download-17.jpg', 'hd-desktop-technology-wallpaper-backgrounds-for-download-17', 'image', '', 'jpg', '', '', '2016-08-18 21:58:56'),
(726, '726_guydesktop.jpg', 'guydesktop', 'image', '', 'jpg', 'asdasd', '', '2016-08-19 01:28:16'),
(727, '727_cv.jpg', 'cv', 'image', '', 'jpg', '', '', '2016-08-19 01:29:23'),
(728, '728_tumblr_n73en0d25A1tc3ec5o1_250.gif', 'tumblr_n73en0d25A1tc3ec5o1_250', 'image', '', 'gif', '', '', '2016-08-19 01:32:36'),
(729, '729_guydesktop.jpg', 'guydesktop', 'image', '', 'jpg', '', '', '2016-08-19 01:33:12'),
(730, '730_C7MJR7LV7V.jpg', 'C7MJR7LV7V', 'image', '', 'jpg', 'sadasdasd', '', '2016-08-19 01:41:10'),
(731, '731_cv.jpg', 'cv', 'image', '', 'jpg', '', '', '2016-08-19 01:43:33'),
(732, '732_Adesivo-decorativo-de-interruptor-curitiba-cola-design-I023-Bart-Simpson-3.jpg', 'Adesivo-decorativo-de-interruptor-curitiba-cola-design-I023-Bart-Simpson-3', 'image', '', 'jpg', '', '', '2016-08-19 01:44:23'),
(733, '733_guydesktop.jpg', 'guydesktop', 'image', '', 'jpg', '', 'asdasdasd', '2016-08-19 01:47:27');

-- --------------------------------------------------------

--
-- Table structure for table `file_managers`
--

CREATE TABLE `file_managers` (
  `file_manager_id` int(11) UNSIGNED NOT NULL,
  `file_manager` varchar(255) NOT NULL,
  `date_created` datetime NOT NULL
) ENGINE=MyISAM DEFAULT CHARSET=utf8;

--
-- Dumping data for table `file_managers`
--

INSERT INTO `file_managers` (`file_manager_id`, `file_manager`, `date_created`) VALUES
(1, '', '2014-09-10 16:34:40'),
(2, '', '2014-09-10 16:34:57'),
(3, '', '2014-09-10 16:35:02'),
(4, '', '2014-09-10 16:35:29'),
(5, '', '2014-09-11 11:18:16'),
(6, '', '2014-09-11 11:18:32'),
(7, '', '2015-07-06 16:54:53'),
(8, '', '2015-07-06 16:55:10'),
(9, '', '2015-07-06 16:55:16'),
(10, '', '2015-07-06 16:55:26'),
(11, '', '2015-07-06 21:03:02'),
(12, '', '2015-07-06 21:43:44'),
(13, '', '2015-07-06 21:50:49'),
(14, '', '2015-07-06 22:01:22'),
(15, '', '2015-07-07 20:35:39'),
(16, '', '2015-07-07 20:38:10'),
(17, '', '2015-07-08 21:22:15'),
(18, '', '2015-07-08 22:09:21'),
(19, '', '2015-07-09 18:21:28'),
(20, '', '2015-07-10 17:25:43'),
(21, '', '2015-07-10 17:26:59'),
(22, '', '2015-07-10 17:27:21'),
(23, '', '2015-07-10 17:27:51'),
(24, '', '2015-07-10 17:28:24'),
(25, '', '2015-07-10 17:29:00'),
(26, '', '2015-07-10 17:29:30'),
(27, '', '2015-07-10 17:29:49'),
(28, '', '2015-07-10 17:30:09'),
(29, '', '2015-07-10 17:30:31'),
(30, '', '2015-07-16 13:44:27'),
(37, '', '2015-07-29 15:27:51'),
(122, '', '2015-07-30 03:11:12'),
(181, '', '2015-07-30 05:22:03'),
(38, '', '2015-07-29 16:03:58'),
(39, '', '2015-07-29 16:08:34'),
(40, '', '2015-07-30 00:31:12'),
(41, '', '2015-07-30 00:36:55'),
(42, '', '2015-07-30 00:40:02'),
(43, '', '2015-07-30 00:46:19'),
(44, '', '2015-07-30 00:47:27'),
(45, '', '2015-07-30 00:48:20'),
(46, '', '2015-07-30 00:50:08'),
(47, '', '2015-07-30 00:51:02'),
(48, '', '2015-07-30 00:51:51'),
(49, '', '2015-07-30 00:52:51'),
(50, '', '2015-07-30 00:58:04'),
(51, '', '2015-07-30 01:00:38'),
(52, '', '2015-07-30 01:13:04'),
(53, '', '2015-07-30 01:14:40'),
(54, '', '2015-07-30 01:15:25'),
(55, '', '2015-07-30 01:16:16'),
(56, '', '2015-07-30 01:19:32'),
(57, '', '2015-07-30 01:20:37'),
(58, '', '2015-07-30 01:20:45'),
(59, '', '2015-07-30 01:23:09'),
(60, '', '2015-07-30 01:23:51'),
(61, '', '2015-07-30 01:24:49'),
(62, '', '2015-07-30 01:25:34'),
(63, '', '2015-07-30 01:31:00'),
(64, '', '2015-07-30 01:32:22'),
(65, '', '2015-07-30 01:32:57'),
(66, '', '2015-07-30 01:33:39'),
(67, '', '2015-07-30 01:34:30'),
(68, '', '2015-07-30 01:35:18'),
(69, '', '2015-07-30 01:36:05'),
(70, '', '2015-07-30 01:37:00'),
(71, '', '2015-07-30 01:37:51'),
(72, '', '2015-07-30 01:39:03'),
(73, '', '2015-07-30 01:40:02'),
(74, '', '2015-07-30 01:40:59'),
(75, '', '2015-07-30 01:41:55'),
(76, '', '2015-07-30 01:42:48'),
(77, '', '2015-07-30 01:43:43'),
(78, '', '2015-07-30 01:44:32'),
(79, '', '2015-07-30 01:45:23'),
(80, '', '2015-07-30 01:46:59'),
(81, '', '2015-07-30 01:47:40'),
(82, '', '2015-07-30 01:48:16'),
(83, '', '2015-07-30 01:49:30'),
(84, '', '2015-07-30 01:50:14'),
(85, '', '2015-07-30 01:51:48'),
(86, '', '2015-07-30 01:52:40'),
(87, '', '2015-07-30 01:53:20'),
(88, '', '2015-07-30 01:55:08'),
(89, '', '2015-07-30 01:55:45'),
(90, '', '2015-07-30 01:56:25'),
(91, '', '2015-07-30 01:57:00'),
(92, '', '2015-07-30 01:58:52'),
(93, '', '2015-07-30 01:59:28'),
(94, '', '2015-07-30 02:00:21'),
(95, '', '2015-07-30 02:00:55'),
(96, '', '2015-07-30 02:01:30'),
(97, '', '2015-07-30 02:02:03'),
(98, '', '2015-07-30 02:02:35'),
(99, '', '2015-07-30 02:03:10'),
(100, '', '2015-07-30 02:03:45'),
(101, '', '2015-07-30 02:04:25'),
(102, '', '2015-07-30 02:05:01'),
(103, '', '2015-07-30 02:05:50'),
(104, '', '2015-07-30 02:06:25'),
(105, '', '2015-07-30 02:08:07'),
(106, '', '2015-07-30 02:08:52'),
(107, '', '2015-07-30 02:09:29'),
(108, '', '2015-07-30 02:17:00'),
(109, '', '2015-07-30 02:18:05'),
(110, '', '2015-07-30 02:37:01'),
(111, '', '2015-07-30 02:37:43'),
(112, '', '2015-07-30 02:38:40'),
(113, '', '2015-07-30 02:39:21'),
(115, '', '2015-07-30 02:42:18'),
(116, '', '2015-07-30 02:44:58'),
(117, '', '2015-07-30 02:45:33'),
(118, '', '2015-07-30 02:47:15'),
(119, '', '2015-07-30 02:47:55'),
(120, '', '2015-07-30 02:48:27'),
(121, '', '2015-07-30 02:50:22'),
(123, '', '2015-07-30 03:12:18'),
(124, '', '2015-07-30 03:13:25'),
(125, '', '2015-07-30 03:15:45'),
(126, '', '2015-07-30 03:17:29'),
(127, '', '2015-07-30 03:18:30'),
(128, '', '2015-07-30 03:20:07'),
(129, '', '2015-07-30 03:20:50'),
(130, '', '2015-07-30 03:21:48'),
(131, '', '2015-07-30 03:22:45'),
(132, '', '2015-07-30 03:23:47'),
(133, '', '2015-07-30 03:24:43'),
(134, '', '2015-07-30 03:29:34'),
(135, '', '2015-07-30 03:32:02'),
(136, '', '2015-07-30 03:33:48'),
(137, '', '2015-07-30 03:35:39'),
(138, '', '2015-07-30 03:40:09'),
(139, '', '2015-07-30 03:41:17'),
(140, '', '2015-07-30 03:42:21'),
(141, '', '2015-07-30 03:50:21'),
(142, '', '2015-07-30 03:51:32'),
(143, '', '2015-07-30 03:52:25'),
(144, '', '2015-07-30 03:54:13'),
(145, '', '2015-07-30 03:55:00'),
(146, '', '2015-07-30 03:55:54'),
(147, '', '2015-07-30 03:56:55'),
(148, '', '2015-07-30 03:57:43'),
(149, '', '2015-07-30 03:58:46'),
(150, '', '2015-07-30 03:59:41'),
(151, '', '2015-07-30 04:00:33'),
(152, '', '2015-07-30 04:02:19'),
(153, '', '2015-07-30 04:03:35'),
(154, '', '2015-07-30 04:03:36'),
(155, '', '2015-07-30 04:05:38'),
(156, '', '2015-07-30 04:06:32'),
(157, '', '2015-07-30 04:07:30'),
(158, '', '2015-07-30 04:09:03'),
(159, '', '2015-07-30 04:09:52'),
(160, '', '2015-07-30 04:13:18'),
(161, '', '2015-07-30 04:14:07'),
(162, '', '2015-07-30 04:15:53'),
(163, '', '2015-07-30 04:17:11'),
(164, '', '2015-07-30 04:18:32'),
(165, '', '2015-07-30 04:19:25'),
(166, '', '2015-07-30 04:20:16'),
(167, '', '2015-07-30 04:21:24'),
(168, '', '2015-07-30 04:22:56'),
(169, '', '2015-07-30 04:24:13'),
(170, '', '2015-07-30 04:25:41'),
(171, '', '2015-07-30 04:26:41'),
(172, '', '2015-07-30 04:28:29'),
(173, '', '2015-07-30 04:29:29'),
(174, '', '2015-07-30 04:30:56'),
(175, '', '2015-07-30 04:33:32'),
(176, '', '2015-07-30 04:35:28'),
(177, '', '2015-07-30 04:36:23'),
(178, '', '2015-07-30 04:38:14'),
(179, '', '2015-07-30 04:39:33'),
(180, '', '2015-07-30 04:40:25'),
(182, '', '2015-07-30 05:22:27'),
(183, '', '2015-07-30 05:22:49'),
(184, '', '2015-07-30 05:23:14'),
(185, '', '2015-07-30 05:24:00'),
(186, '', '2015-07-30 05:24:24'),
(187, '', '2015-07-30 05:24:43'),
(188, '', '2015-07-30 05:25:13'),
(189, '', '2015-07-30 05:25:42'),
(190, '', '2015-07-30 05:26:05'),
(191, '', '2015-07-30 05:26:31'),
(192, '', '2015-07-30 05:26:53'),
(193, '', '2015-07-30 05:27:13'),
(194, '', '2015-07-30 05:27:44'),
(195, '', '2015-07-30 05:28:12'),
(197, '', '2015-11-14 16:00:50'),
(198, '', '2015-11-14 16:01:09'),
(199, '', '2015-11-14 16:01:19'),
(204, '', '2016-04-15 16:57:02'),
(205, '', '2016-04-15 17:08:51'),
(206, '', '2016-04-15 17:16:53');

-- --------------------------------------------------------

--
-- Table structure for table `file_managers_files`
--

CREATE TABLE `file_managers_files` (
  `file_manager_id` int(11) UNSIGNED NOT NULL,
  `file_id` int(11) UNSIGNED NOT NULL,
  `tag` varchar(255) NOT NULL,
  `order` mediumint(8) UNSIGNED NOT NULL
) ENGINE=MyISAM DEFAULT CHARSET=utf8;

--
-- Dumping data for table `file_managers_files`
--

INSERT INTO `file_managers_files` (`file_manager_id`, `file_id`, `tag`, `order`) VALUES
(1, 1, 'main_image', 0),
(2, 2, 'main_image', 0),
(3, 3, 'main_image', 0),
(4, 4, 'main_image', 0),
(5, 5, 'main_image', 0),
(6, 6, 'main_image', 0),
(1, 7, 'image_gallery', 0),
(1, 8, 'image_gallery', 0),
(1, 9, 'image_gallery', 0),
(7, 10, 'main_image', 0),
(8, 11, 'main_image', 0),
(9, 12, 'main_image', 0),
(10, 13, 'main_image', 0),
(11, 14, 'main_image', 0),
(12, 26, 'main_image', 0),
(12, 16, 'complete_image', 0),
(13, 17, 'main_image', 0),
(14, 18, 'main_image', 0),
(15, 19, 'desktop_image', 0),
(15, 20, 'mobile_image', 0),
(16, 23, 'desktop_image', 0),
(16, 24, 'mobile_image', 0),
(17, 27, 'main_image', 0),
(18, 40, 'main_image', 0),
(19, 29, 'main_image', 0),
(20, 30, 'main_image', 0),
(21, 31, 'main_image', 0),
(22, 32, 'main_image', 0),
(23, 33, 'main_image', 0),
(24, 34, 'main_image', 0),
(25, 35, 'main_image', 0),
(26, 36, 'main_image', 0),
(27, 37, 'main_image', 0),
(28, 38, 'main_image', 0),
(29, 39, 'main_image', 0),
(30, 41, 'desktop_image', 0),
(30, 42, 'mobile_image', 0),
(31, 43, 'main_image', 0),
(31, 44, 'gallery_image1', 0),
(31, 45, 'gallery_image2', 0),
(31, 46, 'gallery_image3', 0),
(32, 47, 'main_image', 0),
(32, 48, 'gallery_image1', 0),
(32, 49, 'gallery_image2', 0),
(32, 50, 'gallery_image3', 0),
(33, 51, 'mini_image', 0),
(33, 52, 'main_image', 0),
(35, 53, 'main_image', 0),
(36, 54, 'main_image', 0),
(37, 55, 'main_image', 0),
(37, 57, 'gallery_image1', 0),
(37, 58, 'gallery_image2', 0),
(37, 59, 'gallery_image3', 0),
(38, 60, 'main_image', 0),
(38, 61, 'gallery_image1', 0),
(38, 62, 'gallery_image2', 0),
(38, 63, 'gallery_image3', 0),
(39, 64, 'main_image', 0),
(39, 65, 'gallery_image1', 0),
(39, 66, 'gallery_image2', 0),
(39, 67, 'gallery_image3', 0),
(40, 68, 'main_image', 0),
(40, 69, 'gallery_image1', 0),
(40, 70, 'gallery_image2', 0),
(40, 71, 'gallery_image3', 0),
(41, 72, 'main_image', 0),
(41, 73, 'gallery_image1', 0),
(41, 74, 'gallery_image2', 0),
(41, 75, 'gallery_image3', 0),
(42, 76, 'main_image', 0),
(42, 77, 'gallery_image1', 0),
(42, 78, 'gallery_image2', 0),
(43, 79, 'main_image', 0),
(43, 80, 'gallery_image1', 0),
(43, 81, 'gallery_image2', 0),
(44, 82, 'main_image', 0),
(44, 83, 'gallery_image1', 0),
(44, 84, 'gallery_image2', 0),
(45, 85, 'main_image', 0),
(45, 86, 'gallery_image1', 0),
(45, 87, 'gallery_image2', 0),
(46, 88, 'main_image', 0),
(46, 89, 'gallery_image1', 0),
(46, 90, 'gallery_image2', 0),
(47, 91, 'main_image', 0),
(47, 92, 'gallery_image1', 0),
(47, 93, 'gallery_image2', 0),
(48, 94, 'main_image', 0),
(48, 95, 'gallery_image1', 0),
(48, 96, 'gallery_image2', 0),
(49, 97, 'main_image', 0),
(49, 98, 'gallery_image1', 0),
(49, 99, 'gallery_image2', 0),
(50, 100, 'main_image', 0),
(50, 101, 'gallery_image1', 0),
(50, 102, 'gallery_image2', 0),
(51, 103, 'main_image', 0),
(51, 104, 'gallery_image1', 0),
(51, 105, 'gallery_image2', 0),
(52, 106, 'main_image', 0),
(52, 107, 'gallery_image1', 0),
(52, 108, 'gallery_image2', 0),
(53, 109, 'main_image', 0),
(53, 110, 'gallery_image1', 0),
(53, 111, 'gallery_image2', 0),
(54, 112, 'main_image', 0),
(54, 113, 'gallery_image1', 0),
(54, 114, 'gallery_image2', 0),
(55, 115, 'main_image', 0),
(55, 116, 'gallery_image1', 0),
(55, 117, 'gallery_image2', 0),
(56, 118, 'main_image', 0),
(56, 119, 'gallery_image1', 0),
(56, 120, 'gallery_image2', 0),
(57, 121, 'main_image', 0),
(57, 122, 'gallery_image1', 0),
(57, 123, 'gallery_image2', 0),
(58, 127, 'main_image', 0),
(58, 128, 'gallery_image1', 0),
(58, 129, 'gallery_image2', 0),
(59, 130, 'main_image', 0),
(59, 131, 'gallery_image1', 0),
(59, 132, 'gallery_image2', 0),
(60, 133, 'main_image', 0),
(60, 134, 'gallery_image1', 0),
(60, 135, 'gallery_image2', 0),
(61, 136, 'main_image', 0),
(61, 137, 'gallery_image1', 0),
(61, 138, 'gallery_image2', 0),
(62, 139, 'main_image', 0),
(62, 140, 'gallery_image1', 0),
(62, 141, 'gallery_image2', 0),
(63, 142, 'main_image', 0),
(63, 143, 'gallery_image1', 0),
(63, 144, 'gallery_image2', 0),
(64, 145, 'main_image', 0),
(64, 146, 'gallery_image1', 0),
(64, 147, 'gallery_image2', 0),
(65, 148, 'main_image', 0),
(65, 149, 'gallery_image1', 0),
(65, 150, 'gallery_image2', 0),
(66, 151, 'main_image', 0),
(66, 152, 'gallery_image1', 0),
(66, 153, 'gallery_image2', 0),
(67, 154, 'main_image', 0),
(67, 155, 'gallery_image1', 0),
(67, 156, 'gallery_image2', 0),
(68, 157, 'main_image', 0),
(68, 158, 'gallery_image1', 0),
(68, 159, 'gallery_image2', 0),
(69, 160, 'main_image', 0),
(69, 161, 'gallery_image1', 0),
(69, 162, 'gallery_image2', 0),
(70, 163, 'main_image', 0),
(70, 164, 'gallery_image1', 0),
(70, 165, 'gallery_image2', 0),
(71, 166, 'main_image', 0),
(71, 167, 'gallery_image1', 0),
(71, 168, 'gallery_image2', 0),
(72, 169, 'main_image', 0),
(72, 170, 'gallery_image1', 0),
(72, 171, 'gallery_image2', 0),
(73, 172, 'main_image', 0),
(73, 173, 'gallery_image1', 0),
(73, 174, 'gallery_image2', 0),
(74, 175, 'main_image', 0),
(74, 176, 'gallery_image1', 0),
(74, 177, 'gallery_image2', 0),
(75, 178, 'main_image', 0),
(75, 179, 'gallery_image1', 0),
(75, 180, 'gallery_image2', 0),
(76, 181, 'main_image', 0),
(76, 182, 'gallery_image1', 0),
(76, 183, 'gallery_image2', 0),
(77, 184, 'main_image', 0),
(77, 185, 'gallery_image1', 0),
(77, 186, 'gallery_image2', 0),
(78, 187, 'main_image', 0),
(78, 188, 'gallery_image1', 0),
(78, 189, 'gallery_image2', 0),
(79, 190, 'main_image', 0),
(79, 191, 'gallery_image1', 0),
(79, 192, 'gallery_image2', 0),
(80, 193, 'main_image', 0),
(80, 194, 'gallery_image1', 0),
(80, 195, 'gallery_image2', 0),
(81, 196, 'main_image', 0),
(81, 197, 'gallery_image1', 0),
(81, 198, 'gallery_image2', 0),
(82, 199, 'main_image', 0),
(82, 200, 'gallery_image1', 0),
(82, 201, 'gallery_image2', 0),
(83, 714, 'main_image', 0),
(83, 203, 'gallery_image1', 0),
(83, 204, 'gallery_image2', 0),
(84, 712, 'main_image', 0),
(84, 206, 'gallery_image1', 0),
(84, 207, 'gallery_image2', 0),
(85, 713, 'main_image', 0),
(85, 209, 'gallery_image1', 0),
(85, 210, 'gallery_image2', 0),
(86, 707, 'main_image', 0),
(86, 212, 'gallery_image1', 0),
(86, 213, 'gallery_image2', 0),
(87, 214, 'main_image', 0),
(87, 215, 'gallery_image1', 0),
(87, 216, 'gallery_image2', 0),
(88, 685, 'main_image', 0),
(88, 218, 'gallery_image1', 0),
(88, 219, 'gallery_image2', 0),
(89, 677, 'main_image', 0),
(89, 221, 'gallery_image1', 0),
(89, 222, 'gallery_image2', 0),
(90, 675, 'main_image', 0),
(90, 224, 'gallery_image1', 0),
(90, 225, 'gallery_image2', 0),
(91, 667, 'main_image', 0),
(91, 227, 'gallery_image1', 0),
(91, 228, 'gallery_image2', 0),
(91, 229, 'gallery_image3', 0),
(92, 230, 'main_image', 0),
(92, 231, 'gallery_image1', 0),
(92, 232, 'gallery_image2', 0),
(93, 659, 'main_image', 0),
(93, 234, 'gallery_image1', 0),
(93, 235, 'gallery_image2', 0),
(94, 236, 'main_image', 0),
(94, 237, 'gallery_image1', 0),
(94, 238, 'gallery_image2', 0),
(95, 653, 'main_image', 0),
(95, 240, 'gallery_image1', 0),
(95, 241, 'gallery_image2', 0),
(96, 649, 'main_image', 0),
(96, 243, 'gallery_image1', 0),
(96, 244, 'gallery_image2', 0),
(97, 644, 'main_image', 0),
(97, 246, 'gallery_image1', 0),
(97, 247, 'gallery_image2', 0),
(98, 639, 'main_image', 0),
(98, 249, 'gallery_image1', 0),
(98, 250, 'gallery_image2', 0),
(99, 631, 'main_image', 0),
(99, 252, 'gallery_image1', 0),
(99, 253, 'gallery_image2', 0),
(100, 254, 'main_image', 0),
(100, 255, 'gallery_image1', 0),
(100, 256, 'gallery_image2', 0),
(101, 624, 'main_image', 0),
(101, 258, 'gallery_image1', 0),
(101, 259, 'gallery_image2', 0),
(102, 260, 'main_image', 0),
(102, 261, 'gallery_image1', 0),
(102, 262, 'gallery_image2', 0),
(103, 617, 'main_image', 0),
(103, 264, 'gallery_image1', 0),
(103, 265, 'gallery_image2', 0),
(104, 266, 'main_image', 0),
(104, 267, 'gallery_image1', 0),
(104, 268, 'gallery_image2', 0),
(105, 611, 'main_image', 0),
(105, 270, 'gallery_image1', 0),
(105, 271, 'gallery_image2', 0),
(106, 272, 'main_image', 0),
(106, 273, 'gallery_image1', 0),
(106, 274, 'gallery_image2', 0),
(107, 275, 'main_image', 0),
(107, 276, 'gallery_image1', 0),
(107, 277, 'gallery_image2', 0),
(108, 289, 'main_image', 0),
(108, 279, 'gallery_image1', 0),
(108, 280, 'gallery_image2', 0),
(109, 288, 'main_image', 0),
(109, 285, 'gallery_image1', 0),
(109, 286, 'gallery_image2', 0),
(110, 290, 'main_image', 0),
(110, 291, 'gallery_image1', 0),
(110, 292, 'gallery_image2', 0),
(111, 305, 'main_image', 0),
(111, 294, 'gallery_image1', 0),
(111, 295, 'gallery_image2', 0),
(112, 296, 'main_image', 0),
(112, 297, 'gallery_image1', 0),
(112, 298, 'gallery_image2', 0),
(113, 299, 'main_image', 0),
(113, 300, 'gallery_image1', 0),
(113, 301, 'gallery_image2', 0),
(114, 302, 'main_image', 0),
(114, 303, 'gallery_image1', 0),
(114, 304, 'gallery_image2', 0),
(115, 306, 'main_image', 0),
(115, 307, 'gallery_image1', 0),
(115, 308, 'gallery_image2', 0),
(116, 309, 'main_image', 0),
(116, 310, 'gallery_image1', 0),
(116, 311, 'gallery_image2', 0),
(117, 312, 'main_image', 0),
(117, 313, 'gallery_image1', 0),
(117, 314, 'gallery_image2', 0),
(118, 315, 'main_image', 0),
(118, 316, 'gallery_image1', 0),
(118, 317, 'gallery_image2', 0),
(119, 318, 'main_image', 0),
(119, 319, 'gallery_image1', 0),
(119, 320, 'gallery_image2', 0),
(120, 321, 'main_image', 0),
(120, 322, 'gallery_image1', 0),
(120, 323, 'gallery_image2', 0),
(121, 324, 'main_image', 0),
(121, 325, 'gallery_image1', 0),
(121, 326, 'gallery_image2', 0),
(122, 327, 'mini_image', 0),
(122, 328, 'main_image', 0),
(123, 329, 'mini_image', 0),
(123, 330, 'main_image', 0),
(124, 331, 'mini_image', 0),
(124, 332, 'main_image', 0),
(125, 333, 'mini_image', 0),
(125, 334, 'main_image', 0),
(126, 335, 'mini_image', 0),
(126, 336, 'main_image', 0),
(127, 337, 'mini_image', 0),
(127, 338, 'main_image', 0),
(128, 339, 'mini_image', 0),
(128, 340, 'main_image', 0),
(129, 341, 'mini_image', 0),
(129, 342, 'main_image', 0),
(130, 343, 'mini_image', 0),
(130, 344, 'main_image', 0),
(131, 345, 'mini_image', 0),
(131, 346, 'main_image', 0),
(132, 347, 'mini_image', 0),
(132, 348, 'main_image', 0),
(133, 349, 'mini_image', 0),
(133, 350, 'main_image', 0),
(134, 351, 'mini_image', 0),
(134, 352, 'main_image', 0),
(137, 353, 'mini_image', 0),
(137, 354, 'main_image', 0),
(138, 355, 'mini_image', 0),
(138, 356, 'main_image', 0),
(139, 357, 'mini_image', 0),
(139, 358, 'main_image', 0),
(140, 359, 'mini_image', 0),
(140, 360, 'main_image', 0),
(141, 361, 'mini_image', 0),
(141, 362, 'main_image', 0),
(142, 363, 'mini_image', 0),
(142, 364, 'main_image', 0),
(143, 365, 'mini_image', 0),
(143, 366, 'main_image', 0),
(144, 367, 'mini_image', 0),
(144, 368, 'main_image', 0),
(145, 369, 'mini_image', 0),
(145, 370, 'main_image', 0),
(146, 371, 'mini_image', 0),
(146, 372, 'main_image', 0),
(147, 373, 'mini_image', 0),
(147, 374, 'main_image', 0),
(148, 375, 'mini_image', 0),
(148, 376, 'main_image', 0),
(149, 377, 'mini_image', 0),
(149, 378, 'main_image', 0),
(150, 379, 'mini_image', 0),
(150, 380, 'main_image', 0),
(151, 381, 'mini_image', 0),
(151, 382, 'main_image', 0),
(152, 383, 'mini_image', 0),
(152, 384, 'main_image', 0),
(153, 385, 'mini_image', 0),
(153, 386, 'main_image', 0),
(154, 387, 'mini_image', 0),
(154, 388, 'main_image', 0),
(155, 389, 'mini_image', 0),
(155, 390, 'main_image', 0),
(156, 391, 'mini_image', 0),
(156, 392, 'main_image', 0),
(157, 393, 'mini_image', 0),
(157, 394, 'main_image', 0),
(158, 395, 'mini_image', 0),
(158, 396, 'main_image', 0),
(159, 397, 'mini_image', 0),
(159, 398, 'main_image', 0),
(160, 399, 'mini_image', 0),
(160, 400, 'main_image', 0),
(161, 401, 'mini_image', 0),
(161, 402, 'main_image', 0),
(162, 403, 'mini_image', 0),
(162, 404, 'main_image', 0),
(163, 405, 'mini_image', 0),
(163, 406, 'main_image', 0),
(164, 407, 'mini_image', 0),
(164, 408, 'main_image', 0),
(165, 409, 'mini_image', 0),
(165, 410, 'main_image', 0),
(166, 411, 'mini_image', 0),
(166, 412, 'main_image', 0),
(167, 413, 'mini_image', 0),
(167, 414, 'main_image', 0),
(168, 415, 'mini_image', 0),
(168, 416, 'main_image', 0),
(169, 417, 'mini_image', 0),
(169, 418, 'main_image', 0),
(172, 419, 'mini_image', 0),
(172, 420, 'main_image', 0),
(173, 421, 'mini_image', 0),
(173, 422, 'main_image', 0),
(174, 423, 'mini_image', 0),
(174, 424, 'main_image', 0),
(175, 425, 'mini_image', 0),
(175, 426, 'main_image', 0),
(178, 427, 'mini_image', 0),
(178, 428, 'main_image', 0),
(179, 433, 'mini_image', 0),
(179, 430, 'main_image', 0),
(180, 431, 'mini_image', 0),
(180, 432, 'main_image', 0),
(181, 434, 'main_image', 0),
(182, 435, 'main_image', 0),
(183, 436, 'main_image', 0),
(184, 437, 'main_image', 0),
(185, 438, 'main_image', 0),
(186, 439, 'main_image', 0),
(187, 440, 'main_image', 0),
(188, 441, 'main_image', 0),
(189, 442, 'main_image', 0),
(190, 443, 'main_image', 0),
(191, 444, 'main_image', 0),
(192, 445, 'main_image', 0),
(193, 446, 'main_image', 0),
(194, 504, 'main_image', 0),
(195, 503, 'main_image', 0),
(37, 561, 'image_gallery', 0),
(38, 554, 'image_gallery', 0),
(39, 556, 'image_gallery', 0),
(108, 599, 'image_gallery', 0),
(196, 458, 'main_image', 0),
(197, 502, 'main_image', 0),
(198, 499, 'main_image', 0),
(199, 496, 'main_image', 0),
(96, 652, 'image_gallery', 0),
(96, 651, 'image_gallery', 0),
(46, 508, 'image_gallery', 0),
(46, 509, 'image_gallery', 0),
(104, 616, 'image_gallery', 0),
(104, 615, 'image_gallery', 0),
(39, 557, 'image_gallery', 0),
(108, 600, 'image_gallery', 0),
(200, 563, 'main_image', 0),
(201, 566, 'main_image', 0),
(202, 567, 'main_image', 0),
(203, 568, 'main_image', 0),
(204, 569, 'main_image', 0),
(205, 570, 'main_image', 0),
(206, 573, 'main_image', 0),
(206, 577, 'image_gallery', 0),
(206, 578, 'image_gallery', 0),
(206, 580, 'image_gallery', 0),
(205, 581, 'image_gallery', 0),
(205, 582, 'image_gallery', 0),
(205, 583, 'image_gallery', 0),
(204, 584, 'image_gallery', 0),
(204, 594, 'image_gallery', 0),
(204, 595, 'image_gallery', 0),
(109, 597, 'image_gallery', 0),
(109, 598, 'image_gallery', 0),
(107, 601, 'image_gallery', 0),
(107, 602, 'image_gallery', 0),
(107, 603, 'image_gallery', 0),
(106, 604, 'image_gallery', 0),
(106, 610, 'image_gallery', 0),
(106, 609, 'image_gallery', 0),
(106, 608, 'image_gallery', 0),
(105, 612, 'image_gallery', 0),
(105, 613, 'image_gallery', 0),
(105, 614, 'image_gallery', 0),
(103, 618, 'image_gallery', 0),
(103, 619, 'image_gallery', 0),
(102, 620, 'image_gallery', 0),
(102, 621, 'image_gallery', 0),
(102, 623, 'image_gallery', 0),
(101, 625, 'image_gallery', 0),
(101, 626, 'image_gallery', 0),
(101, 627, 'image_gallery', 0),
(100, 628, 'image_gallery', 0),
(100, 629, 'image_gallery', 0),
(100, 630, 'image_gallery', 0),
(99, 632, 'image_gallery', 0),
(99, 635, 'image_gallery', 0),
(99, 636, 'image_gallery', 0),
(99, 637, 'image_gallery', 0),
(98, 640, 'image_gallery', 0),
(98, 641, 'image_gallery', 0),
(98, 643, 'image_gallery', 0),
(97, 645, 'image_gallery', 0),
(97, 646, 'image_gallery', 0),
(97, 647, 'image_gallery', 0),
(95, 654, 'image_gallery', 0),
(95, 655, 'image_gallery', 0),
(95, 656, 'image_gallery', 0),
(94, 657, 'image_gallery', 0),
(94, 658, 'image_gallery', 0),
(93, 660, 'image_gallery', 0),
(93, 661, 'image_gallery', 0),
(93, 662, 'image_gallery', 0),
(92, 663, 'image_gallery', 0),
(92, 664, 'image_gallery', 0),
(92, 665, 'image_gallery', 0),
(92, 666, 'image_gallery', 0),
(91, 668, 'image_gallery', 0),
(91, 669, 'image_gallery', 0),
(91, 670, 'image_gallery', 0),
(90, 671, 'image_gallery', 0),
(90, 672, 'image_gallery', 0),
(90, 676, 'image_gallery', 0),
(89, 684, 'image_gallery', 0),
(89, 680, 'image_gallery', 0),
(89, 683, 'image_gallery', 0),
(88, 686, 'image_gallery', 0),
(88, 687, 'image_gallery', 0),
(88, 688, 'image_gallery', 0),
(88, 689, 'image_gallery', 0),
(86, 690, 'image_gallery', 0),
(86, 691, 'image_gallery', 0),
(85, 693, 'image_gallery', 0),
(85, 694, 'image_gallery', 0),
(85, 696, 'image_gallery', 0),
(84, 699, 'image_gallery', 0),
(84, 701, 'image_gallery', 0),
(84, 702, 'image_gallery', 0),
(87, 708, 'image_gallery', 0),
(87, 709, 'image_gallery', 0),
(83, 718, 'image_gallery', 0),
(83, 717, 'image_gallery', 0),
(117, 719, 'image_gallery', 0),
(117, 726, 'image_gallery', 0),
(117, 727, 'image_gallery', 0),
(117, 728, 'image_gallery', 0),
(117, 729, 'image_gallery', 0),
(117, 731, 'image_gallery', 0),
(117, 732, 'image_gallery', 0),
(117, 733, 'image_gallery', 0);

-- --------------------------------------------------------

--
-- Table structure for table `marcas`
--

CREATE TABLE `marcas` (
  `marca_id` int(10) UNSIGNED NOT NULL,
  `name` varchar(45) NOT NULL,
  `marca_url` varchar(245) DEFAULT NULL,
  `active` tinyint(1) UNSIGNED NOT NULL,
  `file_manager_id` int(10) UNSIGNED NOT NULL,
  `date_created` datetime NOT NULL
) ENGINE=InnoDB DEFAULT CHARSET=utf8;

--
-- Dumping data for table `marcas`
--

INSERT INTO `marcas` (`marca_id`, `name`, `marca_url`, `active`, `file_manager_id`, `date_created`) VALUES
(3, 'Amoblamientos Modulados', 'http://www.amoblamientosmodulados.com/', 1, 181, '2015-07-30 05:22:03'),
(4, 'Deca Piaza', 'http://www.decapiazza.com.ar/', 1, 182, '2015-07-30 05:22:27'),
(5, 'Longvie', 'http://www.longvie.com.ar/', 1, 183, '2015-07-30 05:22:49'),
(6, 'Later-Cer', 'http://www.later-cersa.com.ar/', 1, 184, '2015-07-30 05:23:13'),
(7, 'Polimex', 'http://www.polimex.com.ar/', 1, 185, '2015-07-30 05:24:00'),
(8, 'Caldaia', 'http://www.caldaia.com.ar/', 1, 186, '2015-07-30 05:24:24'),
(9, 'Siderar', 'http://www.siderar.com.ar/', 1, 187, '2015-07-30 05:24:43'),
(10, 'Aldural', 'http://www.hydroaluminio.com.ar/', 1, 188, '2015-07-30 05:25:13'),
(11, 'Loma Negra', 'http://www.lomanegra.com.ar/', 1, 189, '2015-07-30 05:25:42'),
(12, 'Cerámica San Lorenzo', 'http://www.ceramicasanlorenzo.com/', 1, 190, '2015-07-30 05:26:05'),
(13, 'Giacomini', 'http://www.giacomini.com.ar/', 1, 191, '2015-07-30 05:26:31'),
(14, 'Pinturas Alba', 'http://www.alba.com.ar/', 1, 192, '2015-07-30 05:26:53'),
(15, 'Klaukol', 'http://www.klaukol.com/', 1, 193, '2015-07-30 05:27:13'),
(16, 'Puertas Oblak', 'http://www.oblak.com.ar/', 1, 194, '2015-07-30 05:27:44'),
(17, 'Tromen', 'http://www.tromensalamandras.com.ar/', 1, 195, '2015-07-30 05:28:12');

-- --------------------------------------------------------

--
-- Table structure for table `portfolio`
--

CREATE TABLE `portfolio` (
  `obra_id` int(10) UNSIGNED NOT NULL,
  `name` varchar(145) NOT NULL,
  `description` text NOT NULL,
  `category` varchar(45) NOT NULL,
  `active` tinyint(1) UNSIGNED NOT NULL,
  `file_manager_id` int(10) UNSIGNED NOT NULL,
  `date_created` datetime NOT NULL
) ENGINE=InnoDB DEFAULT CHARSET=utf8;

--
-- Dumping data for table `portfolio`
--

INSERT INTO `portfolio` (`obra_id`, `name`, `description`, `category`, `active`, `file_manager_id`, `date_created`) VALUES
(3, 'AN  001', '&nbsp;228.80 m²', 'anvers', 1, 37, '2015-07-29 15:27:51'),
(4, 'AN  002', '150.00 m²', 'anvers', 1, 38, '2015-07-29 16:03:58'),
(5, 'AN  003', '205.10 m²', 'anvers', 1, 39, '2015-07-29 16:08:34'),
(6, 'AN  004', '147.40 m²', 'anvers', 1, 40, '2015-07-30 00:31:12'),
(7, 'AN  005', '283.50 m²', 'anvers', 1, 41, '2015-07-30 00:36:55'),
(8, 'AN  006', '152.50 m²', 'anvers', 1, 42, '2015-07-30 00:40:02'),
(9, 'AN 007', '224.60 m²', 'anvers', 1, 43, '2015-07-30 00:46:19'),
(10, 'AN 008', '187.50 m²', 'anvers', 1, 44, '2015-07-30 00:47:27'),
(11, 'AN 009', '151.25 m²', 'anvers', 1, 45, '2015-07-30 00:48:20'),
(12, 'AN 010', '158.00<span style="color: rgb(0, 0, 0); font-family: Tahoma, Verdana, Helvetica, sans-serif; font-size: 10.6666669845581px; line-height: normal; text-align: -webkit-center;">m² asd</span>', 'anvers', 1, 46, '2015-07-30 00:50:08'),
(13, 'AN 011', '219.50 m²', 'anvers', 1, 47, '2015-07-30 00:51:02'),
(14, 'AN 012', '173.00 m²', 'anvers', 1, 48, '2015-07-30 00:51:51'),
(15, 'AN 013', '522.30 m²', 'anvers', 1, 49, '2015-07-30 00:52:51'),
(16, 'AN 014', '94.00 m²', 'anvers', 1, 50, '2015-07-30 00:58:04'),
(17, 'AN 015', '238.10 m²', 'anvers', 1, 51, '2015-07-30 01:00:38'),
(18, 'AN 016', '136.25 m²', 'anvers', 1, 52, '2015-07-30 01:13:04'),
(19, 'AN 017', '170.40 m²', 'anvers', 1, 53, '2015-07-30 01:14:40'),
(20, 'AN 018', '225.00 m²', 'anvers', 1, 54, '2015-07-30 01:15:25'),
(21, 'AN 019', '141.10 m²', 'anvers', 1, 55, '2015-07-30 01:16:16'),
(22, 'AN 020', '106.70 m²', 'anvers', 1, 56, '2015-07-30 01:19:32'),
(23, 'AN 021', '213.30 m²', 'anvers', 1, 57, '2015-07-30 01:20:37'),
(24, 'AN 022', '342.80 m²', 'anvers', 1, 58, '2015-07-30 01:20:45'),
(25, 'AN 023', '185.50 m²', 'anvers', 1, 59, '2015-07-30 01:23:09'),
(26, 'AN 024', '310.90 m²', 'anvers', 1, 60, '2015-07-30 01:23:51'),
(27, 'AN 025', '262.20 m²', 'anvers', 1, 61, '2015-07-30 01:24:49'),
(28, 'AN 026', '156.90 m²', 'anvers', 1, 62, '2015-07-30 01:25:34'),
(29, 'AN 027', '54.40 m²', 'anvers', 1, 63, '2015-07-30 01:31:00'),
(30, 'AN 028', '211.50 m²', 'anvers', 1, 64, '2015-07-30 01:32:22'),
(31, 'AN 029', '687.90 m²', 'anvers', 1, 65, '2015-07-30 01:32:57'),
(32, 'AN 030', '256.90 m²', 'anvers', 1, 66, '2015-07-30 01:33:39'),
(33, 'AN 031', '193.50 m²', 'anvers', 1, 67, '2015-07-30 01:34:30'),
(34, 'AN 032', '419.00 m²', 'anvers', 1, 68, '2015-07-30 01:35:18'),
(35, 'AN 033', '194.50 m²', 'anvers', 1, 69, '2015-07-30 01:36:05'),
(36, 'AN 034', '240.20 m²', 'anvers', 1, 70, '2015-07-30 01:37:00'),
(37, 'AN 035', '340.00 m²', 'anvers', 1, 71, '2015-07-30 01:37:51'),
(38, 'AN 036', '87.65m²', 'anvers', 1, 72, '2015-07-30 01:39:03'),
(39, 'AN 037', '209.00 m²', 'anvers', 1, 73, '2015-07-30 01:40:02'),
(40, 'AN 038', '155.00 m²', 'anvers', 1, 74, '2015-07-30 01:40:59'),
(41, 'AN 039', '206.70 m²', 'anvers', 1, 75, '2015-07-30 01:41:55'),
(42, 'AN 040', '150.00 m²', 'anvers', 1, 76, '2015-07-30 01:42:48'),
(43, 'AN 041', '143.80 m²', 'anvers', 1, 77, '2015-07-30 01:43:43'),
(44, 'AN 042', '125.70 m²', 'anvers', 1, 78, '2015-07-30 01:44:32'),
(45, 'AN 043', '180.00 m²', 'anvers', 1, 79, '2015-07-30 01:45:23'),
(46, 'AN 044', '135.85 m²', 'anvers', 1, 80, '2015-07-30 01:46:59'),
(47, 'AN 045 ', '169.70 m²', 'anvers', 1, 81, '2015-07-30 01:47:40'),
(48, 'AN 046', '140.50 m²', 'anvers', 1, 82, '2015-07-30 01:48:16'),
(49, 'AN 047', '<ul style="font-family: Ubuntu, sans-serif;"><li><span style="font-size: 11pt;">Sup cub: 144&nbsp;</span>m²<br></li><li><span style="font-size: 11pt;">Sup semicub: 77&nbsp;</span>m²<br></li><li><span style="font-size: 11pt;">Sup total: 221&nbsp;</span>m²<br></li><li><span style="font-size: 11pt;">Fecha finalización: Enero de 2008</span></li></ul>', 'anvers', 1, 83, '2015-07-30 01:49:30'),
(50, 'AN 048', '<ul style="font-family: Ubuntu, sans-serif;"><li><span style="font-size: 11pt;">Sup cub: 275&nbsp;</span>m²<br></li><li><span style="font-size: 11pt;">Sup semicub: 142&nbsp;</span>m²<br></li><li><span style="font-size: 11pt;">Sup total: 417&nbsp;</span>m²<br></li><li><span style="font-size: 11pt;">Fecha finalización: Marzo de 2008</span></li></ul>', 'anvers', 1, 84, '2015-07-30 01:50:14'),
(51, 'AN 049', '<ul style="font-family: Ubuntu, sans-serif;"><li><span style="font-size: 11pt;">Sup cub: 165&nbsp;</span>m²<br></li><li><span style="font-size: 11pt;">Sup semicub: 83&nbsp;</span>m²<br></li><li><span style="font-size: 11pt;">Sup total: 248&nbsp;</span>m²<br></li><li><span style="font-size: 11pt;">Fecha finalización: Mayo de 2008</span></li></ul>', 'anvers', 1, 85, '2015-07-30 01:51:48'),
(52, 'AN 050', '<ul style="font-family: Ubuntu, sans-serif;"><li><span style="font-size: 11pt;">Sup cub: 85&nbsp;</span>m²<br></li><li><span style="font-size: 11pt;">Sup semicub: 26&nbsp;</span>m²<br></li><li><span style="font-size: 11pt;">Sup total: 111&nbsp;</span>m²<br></li><li><span style="font-size: 11pt;">Fecha finalización: Julio de 2008</span></li></ul>', 'anvers', 1, 86, '2015-07-30 01:52:40'),
(53, 'AN 051', '<ul style="font-family: Ubuntu, sans-serif;"><li><span style="font-size: 11pt;">Sup cub: 112&nbsp;</span>m²<br></li><li><span style="font-size: 11pt;">Sup semicub: 36&nbsp;</span>m²<br></li><li><span style="font-size: 11pt;">Sup total: 148&nbsp;</span>m²<br></li><li><span style="font-size: 11pt;">Fecha finalización: Agosto de 2008</span></li></ul>', 'anvers', 1, 87, '2015-07-30 01:53:20'),
(54, 'AN 052', '<ul style="font-family: Ubuntu, sans-serif;"><li><span style="font-size: 11pt;">Sup cub: 192&nbsp;</span>m²<br></li><li><span style="font-size: 11pt;">Sup semicub: 50&nbsp;</span>m²<br></li><li><span style="font-size: 11pt;">Sup total: 242&nbsp;</span>m²<br></li><li><span style="font-size: 11pt;">Fecha finalización: Septiembre de 2008</span></li></ul>', 'anvers', 1, 88, '2015-07-30 01:55:08'),
(55, 'AN 053', '<ul style="font-family: Ubuntu, sans-serif;"><li><span style="font-size: 11pt;">Sup cub: 166&nbsp;</span>m²<br></li><li><span style="font-size: 11pt;">Sup semicub: 46&nbsp;</span>m²<br></li><li><span style="font-size: 11pt;">Sup total: 212&nbsp;</span>m²<br></li><li><span style="font-size: 11pt;">Fecha finalización: Enero de 2009</span></li></ul>', 'anvers', 1, 89, '2015-07-30 01:55:45'),
(56, 'AN 054', '<ul style="font-family: Ubuntu, sans-serif;"><li><span style="font-size: 11pt;">Sup cub: 164&nbsp;</span>m²<br></li><li><span style="font-size: 11pt;">Sup semicub: 47&nbsp;</span>m²<br></li><li><span style="font-size: 11pt;">Sup total: 211&nbsp;</span>m²<br></li><li><span style="font-size: 11pt;">Fecha finalización: Abril de 2009</span></li></ul>', 'anvers', 1, 90, '2015-07-30 01:56:25'),
(57, 'AN 055', '<ul style="font-family: Ubuntu, sans-serif;"><li><span style="font-size: 11pt;">Sup cub: 124&nbsp;</span>m²<br></li><li><span style="font-size: 11pt;">Sup semicub: 38&nbsp;</span>m²<br></li><li><span style="font-size: 11pt;">Sup total: 162&nbsp;</span>m²<br></li><li><span style="font-size: 11pt;">Fecha finalización: Noviembre de 2009</span></li></ul>', 'anvers', 1, 91, '2015-07-30 01:57:00'),
(58, 'AN 056', '<ul style="font-family: Ubuntu, sans-serif;"><li><span style="font-size: 11pt;">Sup cub: 137&nbsp;</span>m²<br></li><li><span style="font-size: 11pt;">Sup semicub: 50&nbsp;</span>m²<br></li><li><span style="font-size: 11pt;">Sup total: 187&nbsp;</span>m²<br></li><li><span style="font-size: 11pt;">Fecha finalización: Febrero de 2010</span></li></ul>', 'anvers', 1, 92, '2015-07-30 01:58:52'),
(59, 'AN 057', '<ul style="font-family: Ubuntu, sans-serif;"><li><span style="font-size: 11pt;">Sup cub: 217&nbsp;</span>m²<br></li><li><span style="font-size: 11pt;">Sup semicub: 73&nbsp;</span>m²<br></li><li><span style="font-size: 11pt;">Sup total: 290&nbsp;</span>m²<br></li><li><span style="font-size: 11pt;">Fecha finalización: Junio de 2010</span></li></ul>', 'anvers', 1, 93, '2015-07-30 01:59:28'),
(60, 'AN 058', '<ul><li><span style="font-size: 11pt;">Sup cub: 280&nbsp;</span>m²<br></li><li><span style="font-size: 11pt;">Sup semicub: 133&nbsp;</span>m²<br></li><li><span style="font-size: 11pt;">Sup total: 413&nbsp;</span>m²<br></li><li><span style="font-size: 11pt;">Fecha finalización: Septiembre de 2010</span></li></ul>', 'anvers', 1, 94, '2015-07-30 02:00:21'),
(61, 'AN 059', '<ul><li><span style="font-size: 11pt;">Sup cub: 167&nbsp;</span>m²<br></li><li><span style="font-size: 11pt;">Sup semicub: 44&nbsp;</span>m²<br></li><li><span style="font-size: 11pt;">Sup total: 211&nbsp;</span>m²<br></li><li><span style="font-size: 11pt;">Fecha finalización: Febrero de 2011</span></li></ul>', 'anvers', 1, 95, '2015-07-30 02:00:55'),
(62, 'AN 060', '<ul><li><span style="font-size: 11pt;">Sup cub: 150&nbsp;</span>m²<br></li><li><span style="font-size: 11pt;">Sup semicub: 74&nbsp;</span>m²<br></li><li><span style="font-size: 11pt;">Sup total: 224&nbsp;</span>m²<br></li><li><span style="font-size: 11pt;">Fecha finalización: Abril de 2011</span></li></ul>', 'anvers', 1, 96, '2015-07-30 02:01:30'),
(63, 'AN 061', '<ul><li><span style="font-size: 11pt;">Sup cub: 119&nbsp;</span>m²<br></li><li><span style="font-size: 11pt;">Sup semicub: 50&nbsp;</span>m²<br></li><li><span style="font-size: 11pt;">Sup total: 169&nbsp;</span>m²<br></li><li><span style="font-size: 11pt;">Fecha finalización: Agosto de 2011</span></li></ul>', 'anvers', 1, 97, '2015-07-30 02:02:03'),
(64, 'AN 062', '<ul><li><span style="font-size: 11pt;">Sup cub: 125&nbsp;</span>m²<br></li><li><span style="font-size: 11pt;">Sup semicub: 40&nbsp;</span>m²<br></li><li><span style="font-size: 11pt;">Sup total: 165&nbsp;</span>m²<br></li><li><span style="font-size: 11pt;">Fecha finalización: Noviembre de 2011</span></li></ul>', 'anvers', 1, 98, '2015-07-30 02:02:35'),
(65, 'AN 063', '<ul><li><span style="font-size: 11pt;">Sup cub: 117&nbsp;</span>m²<br></li><li><span style="font-size: 11pt;">Sup semicub: 35&nbsp;</span>m²<br></li><li><span style="font-size: 11pt;">Sup total: 152&nbsp;</span>m²<br></li><li><span style="font-size: 11pt;">Fecha finalización: Junio de 2012</span></li></ul>', 'anvers', 1, 99, '2015-07-30 02:03:10'),
(66, 'AN 064', '<ul><li><span style="font-size: 11pt;">Sup cub: 162&nbsp;</span>m²<br></li><li><span style="font-size: 11pt;">Sup semicub: 46&nbsp;</span>m²<br></li><li><span style="font-size: 11pt;">Sup total: 208&nbsp;</span>m²<br></li><li><span style="font-size: 11pt;">Fecha finalización: Octubre de 2012</span></li></ul>', 'anvers', 1, 100, '2015-07-30 02:03:45'),
(67, 'AN 065', '<ul><li><span style="font-size: 11pt;">Sup cub: 114&nbsp;</span>m²<br></li><li><span style="font-size: 11pt;">Sup semicub: 35&nbsp;</span>m²<br></li><li><span style="font-size: 11pt;">Sup total: 149&nbsp;</span>m²<br></li><li><span style="font-size: 11pt;">Fecha finalización: Febrero de 2013</span></li></ul>', 'anvers', 1, 101, '2015-07-30 02:04:25'),
(68, 'AN 066', '<ul><li><span style="font-size: 11pt;">Sup cub: 126&nbsp;</span>m²<br></li><li><span style="font-size: 11pt;">Sup semicub: 29&nbsp;</span>m²<br></li><li><span style="font-size: 11pt;">Sup total: 155&nbsp;</span>m²<br></li><li><span style="font-size: 11pt;">Fecha finalización: Junio de 2013</span></li></ul>', 'anvers', 1, 102, '2015-07-30 02:05:01'),
(69, 'AN 067', '<ul><li><span style="font-size: 11pt;">Sup cub: 114&nbsp;</span>m²<br></li><li><span style="font-size: 11pt;">Sup semicub: 38&nbsp;</span>m²<br></li><li><span style="font-size: 11pt;">Sup total: 152&nbsp;</span>m²<br></li><li><span style="font-size: 11pt;">Fecha finalización: Octubre de 2013</span></li></ul>', 'anvers', 1, 103, '2015-07-30 02:05:50'),
(70, 'AN 068', '<ul><li><span style="font-size: 11pt;">Sup cub: 147&nbsp;</span>m²<br></li><li><span style="font-size: 11pt;">Sup semicub: 45&nbsp;</span>m²<br></li><li><span style="font-size: 11pt;">Sup total: 192&nbsp;</span>m²<br></li><li><span style="font-size: 11pt;">Fecha finalización: Diciembre de 2013</span></li></ul>', 'anvers', 1, 104, '2015-07-30 02:06:25'),
(71, 'AN 069 ', '<ul><li><span style="font-size: 11pt;">Sup cub: 134&nbsp;</span>m²<br></li><li><span style="font-size: 11pt;">Sup semicub: 52&nbsp;</span>m²<br></li><li><span style="font-size: 11pt;">Sup total: 186&nbsp;</span>m²<br></li><li><span style="font-size: 11pt;">Fecha finalización: Febrero de 2014</span></li></ul>', 'anvers', 1, 105, '2015-07-30 02:08:07'),
(72, 'AN 070', '<ul><li><span style="font-size: 11pt;">Sup cub: 151&nbsp;</span>m²<br></li><li><span style="font-size: 11pt;">Sup semicub: 90&nbsp;</span>m²<br></li><li><span style="font-size: 11pt;">Sup total: 241&nbsp;</span>m²<br></li><li><span style="font-size: 11pt;">Fecha finalización: Abril de 2014</span></li></ul>', 'anvers', 1, 106, '2015-07-30 02:08:52'),
(73, 'AN 071', '<ul><li><span style="font-size: 11pt;">Sup cub: 50.27&nbsp;</span>m²<br></li><li><span style="font-size: 11pt;">Sup semicub: 18.48&nbsp;</span>m²<br></li><li><span style="font-size: 11pt;">Sup total: 68.75&nbsp;</span>m²<br></li><li><span style="font-size: 11pt;">Fecha finalización: Julio de 2014</span></li></ul>', 'anvers', 1, 107, '2015-07-30 02:09:29'),
(74, 'AN 072', '<p class="MsoNormal" style="margin: 0cm 0cm 0.0001pt; font-size: 11pt; font-family: Calibri, sans-serif; color: rgb(34, 34, 34); line-height: normal;"></p><ul><li><span style="font-size: 11pt;">Sup cub: 91.34&nbsp;</span>m²<br></li><li><span style="font-size: 11pt;">Sup semicub: 25.76&nbsp;</span>m²<br></li><li><span style="font-size: 11pt;">Sup total: 117.10&nbsp;</span>m²<br></li><li><span style="font-size: 11pt;">Fecha finalización: Septiembre de 2014</span></li></ul><div></div><u></u><p></p><p class="MsoNormal" style="margin: 0cm 0cm 0.0001pt; font-size: 11pt; font-family: Calibri, sans-serif; color: rgb(34, 34, 34); line-height: normal;"><u></u></p><p class="MsoNormal" style="margin: 0cm 0cm 0.0001pt; font-size: 11pt; font-family: Calibri, sans-serif; color: rgb(34, 34, 34); line-height: normal;"><u></u></p>', 'anvers', 1, 108, '2015-07-30 02:17:00'),
(75, 'AN  073', '<p class="MsoNormal" style="margin: 0cm 0cm 0.0001pt; font-size: 11pt; font-family: Calibri, sans-serif; color: rgb(34, 34, 34); line-height: normal;"></p><p class="MsoNormal" style="margin: 0cm 0cm 0.0001pt; font-size: 11pt; font-family: Calibri, sans-serif; color: rgb(34, 34, 34); line-height: normal;"><u></u></p><p class="MsoNormal" style="margin: 0cm 0cm 0.0001pt; font-size: 11pt; font-family: Calibri, sans-serif; color: rgb(34, 34, 34); line-height: normal;"></p><ul><li><span style="font-size: 11pt;">Sup cub: 152.84&nbsp;</span>m²<br></li><li><span style="font-size: 11pt;">Sup semicub: 34.88&nbsp;</span>m²<br></li><li><span style="font-size: 11pt;">Sup total: 187.72&nbsp;</span>m²<br></li><li><span style="font-size: 11pt;">Fecha finalización: Diciembre de 2014</span><br></li></ul><u></u><p></p><p class="MsoNormal" style="margin: 0cm 0cm 0.0001pt; font-size: 11pt; font-family: Calibri, sans-serif; color: rgb(34, 34, 34); line-height: normal;"><u></u></p><u></u><p></p><p class="MsoNormal" style="margin: 0cm 0cm 0.0001pt; font-size: 11pt; font-family: Calibri, sans-serif; color: rgb(34, 34, 34); line-height: normal;"><u></u></p><p class="MsoNormal" style="margin: 0cm 0cm 0.0001pt; font-size: 11pt; font-family: Calibri, sans-serif; color: rgb(34, 34, 34); line-height: normal;"><u></u></p>', 'anvers', 1, 109, '2015-07-30 02:18:05'),
(76, 'CA001', '108.80 m²', 'campo', 1, 110, '2015-07-30 02:37:01'),
(77, 'CA002', '209.80 m²', 'campo', 1, 111, '2015-07-30 02:37:43'),
(78, 'CA003', '167.30 m²', 'campo', 1, 112, '2015-07-30 02:38:40'),
(79, 'CA004', '141.75 m²', 'campo', 1, 113, '2015-07-30 02:39:21'),
(81, 'CA005', '164.10 m²', 'campo', 1, 115, '2015-07-30 02:42:18'),
(82, 'VP 001', '', 'encargado', 1, 116, '2015-07-30 02:44:58'),
(83, 'VP 002', '', 'encargado', 1, 117, '2015-07-30 02:45:33'),
(84, 'G 001', '', 'galpones', 1, 118, '2015-07-30 02:47:15'),
(85, 'G 002', '', 'galpones', 1, 119, '2015-07-30 02:47:55'),
(86, 'G 003', '', 'galpones', 1, 120, '2015-07-30 02:48:27'),
(87, 'BOXES', '<font><font class=""><font><font>Armoniosos Diseños con Opción de galpón con pasillo o la versión con galería exterior central. </font><font>Anteproyectos personalizados en Función de Razas y Características de los animales Cada.</font></font></font></font>', 'boxes', 1, 121, '2015-07-30 02:50:22'),
(92, 'AN 074', '<ul style="font-family: Ubuntu, sans-serif;"><li><span style="font-size: 11pt;">Sup cub PB: 86&nbsp;</span><span style="font-family: \'Open Sans\', sans-serif;">m²</span><br></li><li><span style="font-family: \'Open Sans\', sans-serif;"><span style="font-family: Ubuntu, sans-serif; font-size: 11pt;">Sup cub PA: 45&nbsp;</span>m²<br></span></li><li><span style="font-size: 11pt;">Sup semicub: 40&nbsp;</span><span style="font-family: \'Open Sans\', sans-serif;">m²</span><br></li><li><span style="font-size: 11pt;">Sup total: 171&nbsp;</span><span style="font-family: \'Open Sans\', sans-serif;">m²</span><br></li><li><span style="font-size: 11pt;">Fecha finalización: Abril de 2015</span></li></ul>', 'anvers', 1, 204, '2016-04-15 16:57:02'),
(93, 'AN 075', '<ul style="font-family: Ubuntu, sans-serif;"><li><span style="font-size: 11pt;">Sup cub: 136&nbsp;</span><span style="font-family: \'Open Sans\', sans-serif;">m²</span><br></li><li><span style="font-size: 11pt;">Sup semicub: 33&nbsp;</span><span style="font-family: \'Open Sans\', sans-serif;">m²</span><br></li><li><span style="font-size: 11pt;">Sup total: 169&nbsp;</span><span style="font-family: \'Open Sans\', sans-serif;">m²</span><br></li><li><span style="font-size: 11pt;">Fecha finalización: Agosto de 2015</span></li></ul>', 'anvers', 1, 205, '2016-04-15 17:08:51'),
(94, 'AN 076', '<ul style="font-family: Ubuntu, sans-serif;"><li><span style="font-size: 11pt;">Sup cub: 103&nbsp;</span><span style="font-family: \'Open Sans\', sans-serif;">m²</span><br></li><li><span style="font-size: 11pt;">Sup semicub: 29&nbsp;</span><span style="font-family: \'Open Sans\', sans-serif;">m²</span><br></li><li><span style="font-size: 11pt;">Sup total: 132&nbsp;</span><span style="font-family: \'Open Sans\', sans-serif;">m²</span><br></li><li><span style="font-size: 11pt;">Fecha finalización: Noviembre de 2015</span></li></ul>', 'anvers', 1, 206, '2016-04-15 17:16:53');

-- --------------------------------------------------------

--
-- Table structure for table `prensa`
--

CREATE TABLE `prensa` (
  `new_id` int(10) UNSIGNED NOT NULL,
  `name` varchar(255) NOT NULL,
  `date_release` varchar(45) DEFAULT NULL,
  `publisher` varchar(145) DEFAULT NULL,
  `youtube_url` varchar(445) DEFAULT NULL,
  `category` varchar(45) NOT NULL,
  `active` tinyint(1) UNSIGNED NOT NULL,
  `file_manager_id` int(10) UNSIGNED NOT NULL,
  `date_created` datetime NOT NULL
) ENGINE=InnoDB DEFAULT CHARSET=utf8;

--
-- Dumping data for table `prensa`
--

INSERT INTO `prensa` (`new_id`, `name`, `date_release`, `publisher`, `youtube_url`, `category`, `active`, `file_manager_id`, `date_created`) VALUES
(3, '"REPORTAJE AL ARQ. PABLO VERELLEN PRESIDENTE DE VERELLEN HNOS" PILETAS DE NATACION, PRIMERA PARTE', '', '', '', 'text', 1, 122, '2015-07-30 03:11:12'),
(4, '"EL CHAPUZON PROPIO CON FRESCAS VARIANTES"', '1/12/1994', 'LA NACION ', '', 'text', 1, 123, '2015-07-30 03:12:18'),
(5, '"Piletas Perfectas"', '1995', 'PARA TI DECORACION Nº32', '', 'text', 1, 124, '2015-07-30 03:13:25'),
(6, '"UN TEMA CLARO COMO EL AGUA"', '15/11/1995', 'LA NACION-ARQUITECTURA', '', 'text', 1, 125, '2015-07-30 03:15:45'),
(7, '" PISCINAS LA FUNCIONALIDAD MAS ALLA DE TODA ESTETICA"', '1/10/1996', 'LA NACION', '', 'text', 1, 126, '2015-07-30 03:17:29'),
(8, '"CON LEÑA ARDIENTE ALTERNATIVA"', '1/6/1997', 'LA NACION-CHACRAS', '', 'text', 1, 127, '2015-07-30 03:18:30'),
(9, '"Los sistemas constructivos"', '1/11/1997', 'PARA TI DECORACION Nº43', '', 'text', 1, 128, '2015-07-30 03:20:07'),
(10, '"Estilo Campo"', '1998', 'PARA TI DECORACION Nº49', '', 'text', 1, 129, '2015-07-30 03:20:50'),
(11, '"ALREDEDOR DEL FUEGO"', '7/1998', 'LA NACION-COUNTRIES Y BARRIOS PRIVADOS', '', 'text', 1, 130, '2015-07-30 03:21:48'),
(12, '"ATRACTIVO DE LA TIPICA CASA DE CAMPO"', '18/7/1998', 'LA NACION-COUNTRIES Y BARRIOS PRIVADOS', '', 'text', 1, 131, '2015-07-30 03:22:45'),
(13, '"Casas Rápidas"', '1/8/1998', 'Revista LA NACION Especial decoración', '', 'text', 1, 132, '2015-07-30 03:23:47'),
(14, '"EL HORMIGON, OTRA ALTERNATIVA"', '3/8/1998', 'LA NACION-ARQUITECTURA', '', 'text', 1, 133, '2015-07-30 03:24:43'),
(15, 'Programa: "DESDE EL JARDIN" parte3', '16/06/99', 'Canal: RURAL', 'https://www.youtube.com/embed/zBpPwv_Ti7c', 'video', 1, 134, '2015-07-30 03:29:34'),
(16, 'Programa: "DESDE EL JARDIN" parte2', '16/06/99', 'Canal: RURAL', 'https://www.youtube.com/embed/Yagk8P_n0Rw', 'video', 1, 135, '2015-07-30 03:32:02'),
(17, 'Programa: "DESDE EL JARDIN" parte1', '16/06/99', 'Canal: RURAL', 'https://www.youtube.com/embed/vN4a_XYaOSI', 'video', 1, 136, '2015-07-30 03:33:48'),
(18, '"Casas Rápidas"', '1/10/1999', 'VIDA RURAL Nº26', '', 'text', 1, 137, '2015-07-30 03:35:39'),
(19, '"Nuevos conceptos en casas"', '1/1/2001', 'SUPER CAMPO Nº76', '', 'text', 1, 138, '2015-07-30 03:40:09'),
(20, '"EL ESTILO CAMPO SE AFIANZA CON MAYOR TECNOLOGIA"', '6/1/2001', 'LA NACION-CHACRAS', '', 'text', 1, 139, '2015-07-30 03:41:17'),
(21, '"PARA GUARDAR EL CAMPO EN UN SOLO LUGAR"', '14/4/2001', 'LA NACION- COUNTRIES', '', 'text', 1, 140, '2015-07-30 03:42:21'),
(22, '"Campo nuestro"', '07/2001', 'Revista LIVING', '', 'text', 1, 141, '2015-07-30 03:50:21'),
(23, '"RELINCHOS Y APEROS,CON SELLO CAMPESTRE"', '7/7/2001', 'LA NACION-COUNTRIES', '', 'text', 1, 142, '2015-07-30 03:51:32'),
(24, '"HACIA UN RETORNO A LAS FUENTES"', '13/1/2002', 'LA NACION-COUNTRIES', '', 'text', 1, 143, '2015-07-30 03:52:25'),
(25, '"FUNCIONAL Y EN ARMONIA CON EL ENTORNO"', '29/6/2002', 'LA NACION-COUNTRIES', '', 'text', 1, 144, '2015-07-30 03:54:13'),
(26, '"Desde el jardín"', '01/08/2002', 'Revista GALERIA Nº2', '', 'text', 1, 145, '2015-07-30 03:55:00'),
(27, '"Espejos de agua en el jardín"', '01/09/2002', 'Revista GALERIA Nº2', '', 'text', 1, 146, '2015-07-30 03:55:54'),
(28, '"BOXES,MONTURERO Y GALERIA LO JUSTO PARA EL CONFORT DEL CABALLO', '14/9/2002', 'LA NACION-COUNTRIES', '', 'text', 1, 147, '2015-07-30 03:56:55'),
(29, '"CASAS SENCILLAS Y FUNCIONALES"', '2/11/2002', 'LA NACION-CHACRAS', '', 'text', 1, 148, '2015-07-30 03:57:43'),
(30, '"LAS VEDETTES DEL VERANO"', '28/11/2002', 'INFOBAE-INFO DISEÑO', '', 'text', 1, 149, '2015-07-30 03:58:46'),
(31, '"NUEVOS DISEÑOS DE CASAS ENTRE EL BOSQUE Y EL MAR"', '1/03/2003', 'LA NACION', '', 'text', 1, 150, '2015-07-30 03:59:41'),
(32, '"BARRIO CERRADO VS. TORRE-JARDIN "', '13/02/2003', 'INFOBAE-INFO DISEÑO', '', 'text', 1, 151, '2015-07-30 04:00:33'),
(33, 'UN ESTILO PARA CADA COMITENTE COUNTRY HERALD', '30/05/2003', 'INFOBAE', '', 'text', 1, 152, '2015-07-30 04:02:19'),
(34, 'COCINEROS EN SU SALSA - PALABRAS DE EXPERTOS', '14/05/2003', 'INFOBAE - INFODISEÑO', '', 'text', 1, 153, '2015-07-30 04:03:35'),
(35, 'COCINEROS EN SU SALSA - PALABRAS DE EXPERTOS', '14/05/2003', 'INFOBAE - INFODISEÑO', '', 'text', 1, 154, '2015-07-30 04:03:36'),
(36, 'COMO ELEGIR EL COLOR PARA PINTAR COUNTRY HERALD', '30/05/2003', 'INFOBAE', '', 'text', 1, 155, '2015-07-30 04:05:38'),
(37, 'RELAX BAJO EL SOL', '06/09/2003', 'CLARIN', '', 'text', 1, 156, '2015-07-30 04:06:32'),
(38, 'ZAMBULLIDAS ACERCA DEL SUEÑO DE LA PILETA PROPIA', '29/11/03', 'LA NACION / SUP. COUNTRIES', '', 'text', 1, 157, '2015-07-30 04:07:30'),
(39, 'COMO EL MAR PERO EN CASA INFOBAE', '15/10/2003', 'LA NACION / SUP. COUNTRIES', '', 'text', 1, 158, '2015-07-30 04:09:03'),
(40, 'LO MEJOR PARA UN BUEN AMIGO', '31/07/2004', 'LA NACION', '', 'text', 1, 159, '2015-07-30 04:09:52'),
(41, 'Entrevista al Lic. Mauricio Verellen Construí tu casa', '14/06/2005', 'Plus Satelital', '', 'text', 1, 160, '2015-07-30 04:13:18'),
(42, 'Programa: "CONSTRUI TU CASA"', '14/06/2005', 'Canal: PLUS SATELITAL', 'https://www.youtube.com/embed/9PvhzabsbAY', 'video', 1, 161, '2015-07-30 04:14:07'),
(43, 'CASAS Y DISEÑOS', '30/09/2006', 'LA NACIÓN / SUP. COUNTRIES', '', 'text', 1, 162, '2015-07-30 04:15:53'),
(44, 'VISTA PRIVILEGIADA, RELAX SEGURO', '30/09/2006', 'LA NACIÓN / SUP. COUNTRIES', '', 'text', 1, 163, '2015-07-30 04:17:11'),
(45, 'TRANQUERA ABIERTA', '30/09/2006', 'LA NACIÓN / SUP. COUNTRIES', '', 'text', 1, 164, '2015-07-30 04:18:32'),
(46, 'CONSTRUIR EN PLENO CAMPO', '06/10/07', 'LA NACIÓN / SUP. COUNTRIES', '', 'text', 1, 165, '2015-07-30 04:19:25'),
(47, 'EL JARDIN INTEGRADO AL LIVING', '31/05/2008', 'LA NACIÓN / SUP. COUNTRIES', '', 'text', 1, 166, '2015-07-30 04:20:16'),
(48, 'CASAS DE CALIDAD Y MUY BIEN EQUIPADAS', '3/01/2009', 'LA NACIÓN / SUP. COUNTRIES', '', 'text', 1, 167, '2015-07-30 04:21:24'),
(49, 'VIVIENDA MAS LOTE, LA OPCION PREFERIDA', '07/02/2009', 'LA NACIÓN / SUP. COUNTRIES', '', 'text', 1, 168, '2015-07-30 04:22:56'),
(50, 'RESIDENCIAS CON TOQUE CAMPESTRE', '21/02/2009', 'LA NACIÓN / SUP. COUNTRIES', '', 'text', 1, 169, '2015-07-30 04:24:13'),
(51, 'Tema: \'PUBLICIDAD\'', '04/04/09', 'Canal: METRO', 'https://www.youtube.com/embed/5AFFT2vETUU', 'video', 1, 170, '2015-07-30 04:25:41'),
(52, 'Programa: "TIERRA"', '04/04/09', 'Canal: METRO', 'https://www.youtube.com/embed/NNW2gWhgsaU', 'video', 1, 171, '2015-07-30 04:26:41'),
(53, 'BOXES PARA EQUINOS', '04/07/2009', 'LA NACIÓN / SUP. COUNTRIES', '', 'text', 1, 172, '2015-07-30 04:28:29'),
(54, 'EL DESAFIO DE LOS COSTOS', '03/10/2009', 'LA NACIÓN / SUP. COUNTRIES', '', 'text', 1, 173, '2015-07-30 04:29:29'),
(55, 'DEFINIR EL ANTEPROYECTO ES DECISIVO', '03/10/2009', 'LA NACIÓN / SUP. COUNTRIES', '', 'text', 1, 174, '2015-07-30 04:30:56'),
(56, 'CUANTO CUESTA CONSTRUIR', '05/06/2010', 'LA NACIÓN / SUP. COUNTRIES', '', 'text', 1, 175, '2015-07-30 04:33:32'),
(57, 'Programa: "NUESTRO TIEMPO" parte 1', '14/08/11', 'Canal: METRO ', 'https://www.youtube.com/embed/KLMhsZbEBS8', 'video', 1, 176, '2015-07-30 04:35:28'),
(58, 'Programa: "NUESTRO TIEMPO" parte 2', '14/08/11', 'Canal: METRO', 'https://www.youtube.com/embed/exjmOuK1Ozg', 'video', 1, 177, '2015-07-30 04:36:23'),
(59, 'NUEVAS TENDENCIAS', '29/10/2011', 'LA NACIÓN / SUP. COUNTRIES', '', 'text', 1, 178, '2015-07-30 04:38:14'),
(60, 'SISTEMAS CONSTRUCTIVOS', 'dic 2011', 'REVISTA VIVIENDA ', '', 'text', 1, 179, '2015-07-30 04:39:33'),
(61, 'PISCINAS, EL CENTRO DE LOS PROYECTOS', '10/08/2012', 'LA NACIÓN', '', 'text', 1, 180, '2015-07-30 04:40:25');

-- --------------------------------------------------------

--
-- Table structure for table `slider`
--

CREATE TABLE `slider` (
  `slide_id` int(10) UNSIGNED NOT NULL,
  `title` varchar(200) NOT NULL,
  `slide_url` varchar(200) DEFAULT NULL,
  `active` tinyint(1) UNSIGNED NOT NULL,
  `file_manager_id` int(10) UNSIGNED NOT NULL,
  `date_created` datetime NOT NULL,
  `description` varchar(400) NOT NULL
) ENGINE=MyISAM DEFAULT CHARSET=utf8;

--
-- Dumping data for table `slider`
--

INSERT INTO `slider` (`slide_id`, `title`, `slide_url`, `active`, `file_manager_id`, `date_created`, `description`) VALUES
(2, 'Donde el paisaje es un componente mas del ambiente.', '', 1, 197, '2015-11-14 16:00:50', '***'),
(3, 'Tradicional', '', 1, 198, '2015-11-14 16:01:09', 'Diseño y Armonia'),
(4, 'Construcciones Estilo Anvers', '', 1, 199, '2015-11-14 16:01:19', 'Estilo & Confort');

--
-- Indexes for dumped tables
--

--
-- Indexes for table `bitauth_groups`
--
ALTER TABLE `bitauth_groups`
  ADD PRIMARY KEY (`group_id`);

--
-- Indexes for table `bitauth_logins`
--
ALTER TABLE `bitauth_logins`
  ADD PRIMARY KEY (`login_id`),
  ADD KEY `user_id` (`user_id`);

--
-- Indexes for table `bitauth_userdata`
--
ALTER TABLE `bitauth_userdata`
  ADD PRIMARY KEY (`userdata_id`),
  ADD KEY `user_id` (`user_id`);

--
-- Indexes for table `bitauth_users`
--
ALTER TABLE `bitauth_users`
  ADD PRIMARY KEY (`user_id`),
  ADD KEY `group_id` (`group_id`),
  ADD KEY `username` (`username`);

--
-- Indexes for table `configurations`
--
ALTER TABLE `configurations`
  ADD PRIMARY KEY (`configuration_id`);

--
-- Indexes for table `contacts`
--
ALTER TABLE `contacts`
  ADD PRIMARY KEY (`contact_id`);

--
-- Indexes for table `files`
--
ALTER TABLE `files`
  ADD PRIMARY KEY (`file_id`);

--
-- Indexes for table `file_managers`
--
ALTER TABLE `file_managers`
  ADD PRIMARY KEY (`file_manager_id`);

--
-- Indexes for table `file_managers_files`
--
ALTER TABLE `file_managers_files`
  ADD PRIMARY KEY (`file_manager_id`,`file_id`);

--
-- Indexes for table `marcas`
--
ALTER TABLE `marcas`
  ADD PRIMARY KEY (`marca_id`);

--
-- Indexes for table `portfolio`
--
ALTER TABLE `portfolio`
  ADD PRIMARY KEY (`obra_id`);

--
-- Indexes for table `prensa`
--
ALTER TABLE `prensa`
  ADD PRIMARY KEY (`new_id`);

--
-- Indexes for table `slider`
--
ALTER TABLE `slider`
  ADD PRIMARY KEY (`slide_id`);

--
-- AUTO_INCREMENT for dumped tables
--

--
-- AUTO_INCREMENT for table `bitauth_groups`
--
ALTER TABLE `bitauth_groups`
  MODIFY `group_id` int(10) UNSIGNED NOT NULL AUTO_INCREMENT, AUTO_INCREMENT=4;
--
-- AUTO_INCREMENT for table `bitauth_logins`
--
ALTER TABLE `bitauth_logins`
  MODIFY `login_id` int(10) UNSIGNED NOT NULL AUTO_INCREMENT, AUTO_INCREMENT=116;
--
-- AUTO_INCREMENT for table `bitauth_userdata`
--
ALTER TABLE `bitauth_userdata`
  MODIFY `userdata_id` int(10) UNSIGNED NOT NULL AUTO_INCREMENT, AUTO_INCREMENT=4;
--
-- AUTO_INCREMENT for table `bitauth_users`
--
ALTER TABLE `bitauth_users`
  MODIFY `user_id` int(11) UNSIGNED NOT NULL AUTO_INCREMENT, AUTO_INCREMENT=21826;
--
-- AUTO_INCREMENT for table `configurations`
--
ALTER TABLE `configurations`
  MODIFY `configuration_id` int(11) NOT NULL AUTO_INCREMENT, AUTO_INCREMENT=2;
--
-- AUTO_INCREMENT for table `contacts`
--
ALTER TABLE `contacts`
  MODIFY `contact_id` int(11) UNSIGNED NOT NULL AUTO_INCREMENT, AUTO_INCREMENT=117;
--
-- AUTO_INCREMENT for table `files`
--
ALTER TABLE `files`
  MODIFY `file_id` int(11) UNSIGNED NOT NULL AUTO_INCREMENT, AUTO_INCREMENT=734;
--
-- AUTO_INCREMENT for table `file_managers`
--
ALTER TABLE `file_managers`
  MODIFY `file_manager_id` int(11) UNSIGNED NOT NULL AUTO_INCREMENT, AUTO_INCREMENT=207;
--
-- AUTO_INCREMENT for table `marcas`
--
ALTER TABLE `marcas`
  MODIFY `marca_id` int(10) UNSIGNED NOT NULL AUTO_INCREMENT, AUTO_INCREMENT=18;
--
-- AUTO_INCREMENT for table `portfolio`
--
ALTER TABLE `portfolio`
  MODIFY `obra_id` int(10) UNSIGNED NOT NULL AUTO_INCREMENT, AUTO_INCREMENT=95;
--
-- AUTO_INCREMENT for table `prensa`
--
ALTER TABLE `prensa`
  MODIFY `new_id` int(10) UNSIGNED NOT NULL AUTO_INCREMENT, AUTO_INCREMENT=62;
--
-- AUTO_INCREMENT for table `slider`
--
ALTER TABLE `slider`
  MODIFY `slide_id` int(10) UNSIGNED NOT NULL AUTO_INCREMENT, AUTO_INCREMENT=5;
/*!40101 SET CHARACTER_SET_CLIENT=@OLD_CHARACTER_SET_CLIENT */;
/*!40101 SET CHARACTER_SET_RESULTS=@OLD_CHARACTER_SET_RESULTS */;
/*!40101 SET COLLATION_CONNECTION=@OLD_COLLATION_CONNECTION */;
